id,siRef,siDat,cusCode,cusName,siTBD,siTAD,siTax,siTAT,shipTo,siComm,opnClo,spCName,spCode,dlRef,dlDat,traDate,action
2300000,2300000,,,,,,,,,,,,,,,,
2300001,2300001,1/24/2023,22310093.0,Women's Medical Center (Dr. Ameena),36190.0,33075.0,1654.0,34729.0,1st Floor Office No. 7 Al Mamzar Center Near Al Mulla Plaza Dubai,Microneedling RF and HandPiece to Women's Medical Center (Dr. Ameena),Open,Ariel Abapo Naciogoyo,370.0,2300003.0,1/23/2023,2023-5-29 22-27-46,
2300002,2300002,1/29/2023,22310055.0,Al Noor Pharmacy,89600.0,86400.0,4320.0,90720.0,Mina,RF Fractional CO2 Laser and Handpiece to Al Noor Pharmacy,Open,Franco Viola Parota,366.0,2300004.0,1/28/2023,2023-5-29 22-28-1,
2300003,2300003,2/1/2023,22310182.0,Spaces Spa Center,5460.0,4800.0,240.0,5040.0,Oasis Center Dubai United Arab Emirates,SVTA Radio Hand Pice 1 to Spaces Spa Center,Open,Ariel Abapo Naciogoyo,370.0,2300001.0,1/30/2023,2023-5-29 22-28-14,
2300004,2300004,1/19/2023,22310029.0,Al Jameya Pharmacy,51415.0,45400.0,2270.0,47670.0,Union Cooperative Society  Ghusais,Microneedling RF and RF Fractional Laser to Al Jameya Pharmacy,Open,Allen Joseph Anora,365.0,2300002.0,1/18/2023,2023-5-29 22-28-39,
2300005,2300005,2/28/2023,22310097.0,Sahar Pharmacy,31640.0,27910.0,1396.0,29306.0,Qasimia - behind Al Dewan Al Amere Sharjah United Arab Emirates,SVTA Radio and Hand Pice 7 & 8 Sahar Pharmacy,Open,Allen Joseph Anora,365.0,2300007.0,2/27/2023,2023-5-29 22-28-59,
2300006,2300006,2/17/2023,22310200.0,German Clinic FZ LLC,7700.0,5500.0,275.0,5775.0,Al Razi Bldg.#64 District 1 block A 2nd floor 2008 - DHCC Dubai U,SVTA Radio Hand Pice 3 & 4,Open,Dev Kumar Rai,894.0,2300005.0,2/16/2023,2023-5-29 22-29-9,
2300007,2300007,1/23/2023,22310029.0,Al Jameya Pharmacy,57400.0,55645.0,2782.0,58427.0,Union Cooperative Society  Ghusais,Deod Leaserto Al Jameya Pharmacy,Open,Ariel Abapo Naciogoyo,370.0,2300006.0,1/22/2023,2023-5-29 22-29-30,
2300008,2300008,2/5/2023,22310097.0,Sahar Pharmacy,10500.0,9980.0,499.0,10479.0,Qasimia - behind Al Dewan Al Amere Sharjah United Arab Emirates,RF Fractional CO2 Laser Handpiece and Accessories to Sahar Pharmacy,Open,Tampos Antonio Magalona,415.0,2300010.0,2/4/2023,2023-5-29 22-29-42,
2300009,2300009,2/12/2023,22310200.0,German Clinic FZ LLC,42700.0,38000.0,1900.0,39900.0,Al Razi Bldg.#64 District 1 block A 2nd floor 2008 - DHCC Dubai U,Crio Lipo and DeodLeaser Hand Piece to German Clinic FZ LLC,Open,Dev Kumar Rai,894.0,2300008.0,2/11/2023,2023-5-29 22-29-56,
2300010,2300010,2/8/2023,22310131.0,Ali Bin Ali Medical,38500.0,33800.0,1690.0,35490.0,Doha Qatar,Crio Lipo & DeodLeaser Hand Piece to Ali Bin Ali Medical,Open,Sanjay Kumar Mandal,329.0,2300009.0,2/7/2023,2023-5-29 22-30-10,
2300011,2300011,2/2/2023,22310133.0,Al Samnan Clinic,18200.0,15560.0,778.0,16338.0,Al Wasit Street Samnan Sharjah United Arab Emirates,Deod Leaser and G5 Slimming Applicators to Al Samnan Clinic,Open,Allen Madrid Gomez,598.0,2300012.0,2/1/2023,2023-5-29 22-30-22,
2300012,2300012,2/24/2023,22310093.0,Women's Medical Center (Dr. Ameena),4060.0,3600.0,180.0,3780.0,1st Floor Office No. 7 Al Mamzar Center Near Al Mulla Plaza Dubai,VTA Radio Hand Pice 4 and 5 Women's Medical Center (Dr. Ameena),Open,Jaime  Endaya,417.0,2300011.0,2/23/2023,2023-5-29 22-30-43,
2300013,2300013,2/3/2023,22310131.0,Ali Bin Ali Medical,32760.0,31470.0,1574.0,33044.0,Doha Qatar,"SVTA Radio and Hand Pice 1, 2, 3 , 4, 5 to Ali Bin Ali Medical",Open,Jalil Khadim Hussain,1008.0,2300015.0,2/2/2023,2023-5-29 22-30-53,
2300014,2300014,3/16/2023,22310093.0,Women's Medical Center (Dr. Ameena),11760.0,11000.0,550.0,11550.0,1st Floor Office No. 7 Al Mamzar Center Near Al Mulla Plaza Dubai,SPA Slim & SVTA Radio Hand Pice 1 to Women's Medical Center (Dr. Ameena),Open,Ariel Abapo Naciogoyo,370.0,2300013.0,3/15/2023,2023-5-29 22-31-7,
2300015,2300015,2/15/2023,22310269.0,Flora Beauty Spa,49000.0,43000.0,2150.0,45150.0,Umm Ramool Rashidiya Dubai United Arab Emirates,Caviation Laser to Flora Beauty Spa,Open,Joyson Joseph Kalaparambath,1098.0,2300016.0,2/14/2023,2023-5-29 22-31-23,
2300016,2300016,2/14/2023,22310131.0,Ali Bin Ali Medical,13300.0,11000.0,550.0,11550.0,Doha Qatar,RF Fractional CO2 Laser - Handpiece to Ali Bin Ali Medical,Open,Lucero Jackson Riconose,418.0,2300014.0,2/12/2023,2023-5-29 22-31-35,
2300017,2300017,2/12/2023,22310439.0,NAS Medical,119000.0,98000.0,4900.0,102900.0,Dubai United Arab Emirates,Hydra Fresh,Open,Ariel Abapo Naciogoyo,370.0,2300018.0,2/11/2023,2023-5-29 22-31-46,
2300018,2300018,2/20/2023,22310207.0,Delta Pharmacy,79200.0,72000.0,3600.0,75600.0,Sharjah United Arab Emirates,VCA Laser & VCA Leaser Hand Piece to Delta Pharmacy,Open,Raj Kumar Giri,981.0,2300017.0,2/19/2023,2023-5-29 22-31-59,
2300019,2300019,2/25/2023,22310055.0,Al Noor Pharmacy,66080.0,56000.0,2800.0,58800.0,Mina,Portable Diode Laser Hair Removal Equipment to Al Noor Pharmacy,Open,Franco Viola Parota,366.0,2300020.0,2/24/2023,2023-5-29 22-33-50,
2300020,2300020,2/21/2023,22310133.0,Al Samnan Clinic,42000.0,38520.0,1926.0,40446.0,Al Wasit Street Samnan Sharjah United Arab Emirates,Hydra-new and Jumia to Al Samnan Clinic,Open,Franco Viola Parota,366.0,2300019.0,2/20/2023,2023-5-29 22-34-2,
2300021,2300021,3/16/2023,22310093.0,Women's Medical Center (Dr. Ameena),7700.0,6600.0,330.0,6930.0,1st Floor Office No. 7 Al Mamzar Center Near Al Mulla Plaza Dubai,SVTA Radio Hand Pice 3 & 4 to Women's Medical Center (Dr. Ameena),Open,Ariel Abapo Naciogoyo,370.0,2300023.0,3/15/2023,2023-5-29 22-34-15,
2300022,2300022,2/12/2023,22310210.0,Al Burg Clinic,7000.0,5000.0,250.0,5250.0,Entrance 3  1st Floor Al Mazaya Center Dubai United Arab Emirates,SVTA Radio Hand Pice 5 & 6 to Al Burg Clinic,Open,Michael Cadiang Manza,994.0,2300021.0,2/11/2023,2023-5-29 22-36-3,
2300023,2300023,2/4/2023,22310269.0,Flora Beauty Spa,89600.0,84880.0,4244.0,89124.0,Umm Ramool Rashidiya Dubai United Arab Emirates,SVTA Radio & VCA Laser to Flora Beauty Spa,Open,Franco Viola Parota,366.0,2300022.0,2/3/2023,2023-5-29 22-36-27,
2300024,2300024,3/5/2023,22310200.0,German Clinic FZ LLC,118400.0,105000.0,5250.0,110250.0,Al Razi Bldg.#64 District 1 block A 2nd floor 2008 - DHCC Dubai U,VCA Laser to VCA Leaser Hand Piece to German Clinic FZ LLC,Open,Dev Kumar Rai,894.0,2300026.0,3/4/2023,2023-5-29 22-36-40,
2300025,2300025,2/16/2023,22310182.0,Spaces Spa Center,40915.0,36000.0,1800.0,37800.0,Oasis Center Dubai United Arab Emirates,Microneedling RF & HandPiece to Spaces Spa Center,Open,Jinu Ambadan Jose,709.0,2300024.0,2/15/2023,2023-5-29 22-36-52,
2300026,2300026,3/21/2023,22310133.0,Al Samnan Clinic,19600.0,17000.0,850.0,17850.0,Al Wasit Street Samnan Sharjah United Arab Emirates,My Ultrasonic to Al Samnan Clinic,Open,Allen Madrid Gomez,598.0,2300025.0,3/20/2023,2023-5-29 22-37-4,
2300027,2300027,3/15/2023,22310055.0,Al Noor Pharmacy,5460.0,4800.0,240.0,5040.0,Mina,SVTA Radio Hand Pice 1 to Al Noor Pharmacy,Open,Allen Joseph Anora,365.0,2300028.0,3/14/2023,2023-5-29 22-37-16,
2300028,2300028,3/2/2023,22310097.0,Sahar Pharmacy,63000.0,55000.0,2750.0,57750.0,Qasimia - behind Al Dewan Al Amere Sharjah United Arab Emirates,Mickcara & My Ultrasonic to Sahar Pharmacy,Open,Tampos Antonio Magalona,415.0,2300030.0,3/1/2023,2023-5-29 22-37-33,
2300029,2300029,2/11/2023,22310252.0,Faith Pharmacy,4200.0,3900.0,195.0,4095.0,Naif Road Near Al Futtaim Mosque Deira Dubai United Arab Emirates,DeodLeaser Hand Piece to Faith Pharmacy,Open,Jalil Khadim Hussain,1008.0,2300031.0,2/10/2023,2023-5-29 22-37-45,
2300030,2300030,3/1/2023,22310207.0,Delta Pharmacy,81900.0,78000.0,3900.0,81900.0,Sharjah United Arab Emirates,RF Fractional CO2 Laser to Delta Pharmacy,Open,Raj Kumar Giri,981.0,2300033.0,2/28/2023,2023-5-29 22-37-56,
2300031,2300031,2/3/2023,22310280.0,Gulf Beauty Salon - Abu Dhabi,145600.0,136000.0,6800.0,142800.0,Near Salam Furniture Old Airport Road Abu Dhabi United Arab Emirat,G5 Slimming & Hiemt A to Gulf Beauty Salon - Abu Dhabi,Open,Jessie Tolntion Matitu,1138.0,2300027.0,2/2/2023,2023-5-29 22-38-7,
2300032,2300032,2/20/2023,22310029.0,Al Jameya Pharmacy,19600.0,15900.0,795.0,16695.0,Union Cooperative Society  Ghusais,DeodLeaser & DeodLeaser Hand Piece to Al Jameya Pharmacy,Open,Allen Joseph Anora,365.0,2300029.0,2/19/2023,2023-5-29 22-38-18,
2300033,2300033,2/22/2023,22310102.0,Health &amp; Aesthetic Medical Center,26880.0,23400.0,1170.0,24570.0,Buheira Corniche - Sharjah United Arab Emirates,SVTA Radio and Hand Piece to Health &amp; Aesthetic Medical Center,Open,Jaime  Endaya,417.0,2300032.0,2/21/2023,2023-5-29 22-38-31,
2300034,2300034,3/29/2023,22310055.0,Al Noor Pharmacy,19600.0,19080.0,954.0,20034.0,Mina,Mina,Open,Tampos Antonio Magalona,415.0,2300037.0,3/28/2023,2023-5-29 22-38-49,
2300035,2300035,2/28/2023,22310269.0,Flora Beauty Spa,17500.0,13800.0,690.0,14490.0,Umm Ramool Rashidiya Dubai United Arab Emirates,DeodLeaser & DeodLeaser Hand Piece to Flora Beauty Spa,Open,Joyson Joseph Kalaparambath,1098.0,2300036.0,2/27/2023,2023-5-29 22-39-1,
2300036,2300036,3/18/2023,22310131.0,Ali Bin Ali Medical,4200.0,3850.0,193.0,4043.0,Doha Qatar,DeodLeaser Hand Piece to Ali Bin Ali Medical,Open,Lucero Jackson Riconose,418.0,2300034.0,3/16/2023,2023-5-29 22-39-13,
2300037,2300037,3/21/2023,22310102.0,Health &amp; Aesthetic Medical Center,119200.0,105500.0,5275.0,110775.0,Buheira Corniche - Sharjah United Arab Emirates,VCA Laser & VCA Leaser Hand Piece to Health &amp; Aesthetic Medical Center,Open,Sanjay Kumar Mandal,329.0,2300035.0,3/20/2023,2023-5-29 22-39-25,
2300038,2300038,3/22/2023,22310093.0,Women's Medical Center (Dr. Ameena),171500.0,168300.0,8415.0,176715.0,1st Floor Office No. 7 Al Mamzar Center Near Al Mulla Plaza Dubai,1st Floor Office No. 7 Al Mamzar Center Near Al Mulla Plaza Dubai,Open,Franco Viola Parota,366.0,2300039.0,3/20/2023,2023-5-29 22-39-39,
2300039,2300039,3/18/2023,22310097.0,Sahar Pharmacy,79200.0,72000.0,3600.0,75600.0,Qasimia - behind Al Dewan Al Amere Sharjah United Arab Emirates,VCA Laser & VCA Leaser Hand Piece to Sahar Pharmacy,Open,Tampos Antonio Magalona,415.0,2300038.0,3/17/2023,2023-5-29 22-39-50,
2300040,2300040,3/14/2023,22310029.0,Al Jameya Pharmacy,64400.0,59000.0,2950.0,61950.0,Union Cooperative Society  Ghusais,Jumia and Konmision to Al Jameya Pharmacy,Open,Lucero Jackson Riconose,418.0,2300041.0,3/12/2023,2023-5-29 22-40-3,
2300041,2300041,3/29/2023,22310286.0,Hamad Pharmacy,5880.0,5220.0,261.0,5481.0,Al Wasit Street Al Shaba Sharjah United Arab Emirates,Al Wasit Street Al Shaba Sharjah United Arab Emirates,Open,Ariel Abapo Naciogoyo,370.0,2300047.0,3/28/2023,2023-5-29 22-40-15,
2300042,2300042,4/19/2023,22310182.0,Spaces Spa Center,30240.0,26760.0,1338.0,28098.0,Oasis Center Dubai United Arab Emirates,Oasis Center Dubai United Arab Emirates,Open,Jaime  Endaya,417.0,2300040.0,4/18/2023,2023-5-29 22-40-28,
2300043,2300043,4/9/2023,22310131.0,Ali Bin Ali Medical,12180.0,11720.0,586.0,12306.0,Doha Qatar,Doha Qatar,Open,Jaime  Endaya,417.0,2300042.0,4/8/2023,2023-5-29 22-40-39,
2300044,2300044,3/15/2023,22310210.0,Al Burg Clinic,4060.0,3720.0,186.0,3906.0,Entrance 3  1st Floor Al Mazaya Center Dubai United Arab Emirates,SVTA Radio Hand Pice 4 & 5,Open,Michael Cadiang Manza,994.0,2300043.0,3/14/2023,2023-5-29 22-40-52,
2300045,2300045,3/17/2023,22310182.0,Spaces Spa Center,190400.0,166000.0,8300.0,174300.0,Oasis Center Dubai United Arab Emirates,Hydra Fresh & Hydra-new & Jumia to Spaces Spa Center,Open,Jinu Ambadan Jose,709.0,2300046.0,3/16/2023,2023-5-29 22-41-2,
2300046,2300046,3/16/2023,22310200.0,German Clinic FZ LLC,66500.0,57050.0,2853.0,59903.0,Al Razi Bldg.#64 District 1 block A 2nd floor 2008 - DHCC Dubai U,Caviation Laser & Crio Lipo to German Clinic FZ LLC,Open,Dev Kumar Rai,894.0,2300049.0,3/15/2023,2023-5-29 22-41-13,
2300047,2300047,4/18/2023,22310280.0,Gulf Beauty Salon - Abu Dhabi,36190.0,31275.0,1564.0,32839.0,Near Salam Furniture Old Airport Road Abu Dhabi United Arab Emirat,Near Salam Furniture Old Airport Road Abu Dhabi United Arab Emirat,Open,Jinu Ambadan Jose,709.0,2300044.0,4/17/2023,2023-5-29 22-41-26,
2300048,2300048,4/20/2023,22310269.0,Flora Beauty Spa,42000.0,38520.0,1926.0,40446.0,Umm Ramool Rashidiya Dubai United Arab Emirates,Umm Ramool Rashidiya Dubai United Arab Emirates,Open,Franco Viola Parota,366.0,2300045.0,4/19/2023,2023-5-29 22-41-37,
2300049,2300049,3/4/2023,22310280.0,Gulf Beauty Salon - Abu Dhabi,35980.0,27980.0,1399.0,29379.0,Near Salam Furniture Old Airport Road Abu Dhabi United Arab Emirat,SVTA Radio and hand piece to  Gulf Beauty Salon - Abu Dhabi,Open,Jessie Tolntion Matitu,1138.0,2300048.0,3/3/2023,2023-5-29 22-41-51,
2300050,2300050,4/12/2023,22310298.0,HANI Pharmacy Abu Dhabi,40600.0,35900.0,1795.0,37695.0,Hamdah Street Near Standard Chartered Bank Abu Dhabi,Hamdah Street Near Standard Chartered Bank Abu Dhabi,Open,Dev Kumar Rai,894.0,2300052.0,4/11/2023,2023-6-3 12-31-9,
2300051,2300051,3/27/2023,22310252.0,Faith Pharmacy,18200.0,15560.0,778.0,16338.0,Naif Road Near Al Futtaim Mosque Deira Dubai United Arab Emirates,Naif Road Near Al Futtaim Mosque Deira Dubai United Arab Emirates,Open,Allen Madrid Gomez,598.0,2300050.0,3/26/2023,2023-6-3 12-31-23,
2300052,2300052,3/13/2023,22310210.0,Al Burg Clinic,45640.0,40000.0,2000.0,42000.0,Entrance 3  1st Floor Al Mazaya Center Dubai United Arab Emirates,Microneedling RF & Microneedling RF - HandPiece to Al Burg Clinic,Open,Michael Cadiang Manza,994.0,2300051.0,3/12/2023,2023-6-3 12-31-44,
2300053,2300053,3/3/2023,22310252.0,Faith Pharmacy,6440.0,5050.0,253.0,5303.0,Naif Road Near Al Futtaim Mosque Deira Dubai United Arab Emirates,SVTA Radio Hand Pice 7 & 8 to Faith Pharmacy,Open,Jalil Khadim Hussain,1008.0,2300055.0,3/2/2023,2023-6-3 12-32-3,
2300054,2300054,3/2/2023,22310280.0,Gulf Beauty Salon - Abu Dhabi,18200.0,15000.0,750.0,15750.0,Near Salam Furniture Old Airport Road Abu Dhabi United Arab Emirat,My Ultrasonic & SPA Slim to Gulf Beauty Salon - Abu Dhabi,Open,Jessie Tolntion Matitu,1138.0,2300053.0,3/1/2023,2023-6-3 12-32-22,
2300055,2300055,3/23/2023,22310097.0,Sahar Pharmacy,60200.0,58445.0,2922.0,61367.0,Qasimia - behind Al Dewan Al Amere Sharjah United Arab Emirates,Qasimia - behind Al Dewan Al Amere Sharjah United Arab Emirates,Open,Ariel Abapo Naciogoyo,370.0,2300057.0,3/22/2023,2023-6-3 12-32-41,
2300056,2300056,4/13/2023,22310359.0,Life Pharmacy LLC,79200.0,72000.0,3600.0,75600.0,Mall of Emirates bridge turn left towards Lulu Hypermarket  left side,Mall of Emirates bridge turn left towards Lulu Hypermarket  left side,Open,Raj Kumar Giri,981.0,2300054.0,4/12/2023,2023-6-3 12-32-54,
2300057,2300057,4/15/2023,22310747.0,Marjan Beauty Saloon JLT,109200.0,88200.0,4410.0,92610.0,Shop# 6 Saba Tower 1 Jumeirah Lakes Towers Dubai United Arab Emir,Shop# 6 Saba Tower 1 Jumeirah Lakes Towers Dubai United Arab Emir,Open,Ariel Abapo Naciogoyo,370.0,2300056.0,4/14/2023,2023-6-3 12-33-5,
2300058,2300058,5/13/2023,22310827.0,Al Soor Pharmacy LLC,13440.0,12680.0,634.0,13314.0,Al Soor Area opposite King Faisal Area Mosque Sharjah United Arab E,Al Soor Area opposite King Faisal Area Mosque Sharjah United Arab E,Open,Ariel Abapo Naciogoyo,370.0,2300060.0,5/12/2023,2023-6-3 12-33-20,
2300059,2300059,4/19/2023,22310200.0,German Clinic FZ LLC,22400.0,20100.0,1005.0,21105.0,Al Razi Bldg.#64 District 1 block A 2nd floor 2008 - DHCC Dubai U,Al Razi Bldg.#64 District 1 block A 2nd floor 2008 - DHCC Dubai U,Open,Lucero Jackson Riconose,418.0,2300058.0,4/18/2023,2023-6-3 12-33-36,
2300060,2300060,4/9/2023,22310133.0,Al Samnan Clinic,57120.0,53390.0,2670.0,56060.0,Al Wasit Street Samnan Sharjah United Arab Emirates,Al Wasit Street Samnan Sharjah United Arab Emirates,Open,Allen Joseph Anora,365.0,2300059.0,4/8/2023,2023-6-3 12-33-49,
2300061,2300061,4/25/2023,22310802.0,Elite Medical Centre,59780.0,49700.0,2485.0,52185.0,Jumeirah 1 Beach Road Dubai United Arab Emirates,Jumeirah 1 Beach Road Dubai United Arab Emirates,Open,Franco Viola Parota,366.0,2300063.0,4/24/2023,2023-6-3 12-34-14,
2300062,2300062,3/31/2023,22310210.0,Al Burg Clinic,34580.0,33290.0,1665.0,34955.0,Entrance 3  1st Floor Al Mazaya Center Dubai United Arab Emirates,Entrance 3  1st Floor Al Mazaya Center Dubai United Arab Emirates,Open,Jalil Khadim Hussain,1008.0,2300064.0,3/30/2023,2023-6-3 12-34-27,
2300064,2300064,4/23/2023,22310776.0,Mafraq Hospital,21700.0,18000.0,900.0,18900.0,P.O. 2951 Abu Dhabi - United Arab Emirates,P.O. 2951 Abu Dhabi - United Arab Emirates,Open,Allen Joseph Anora,365.0,2300062.0,4/22/2023,2023-6-3 12-35-14,
2300065,2300065,3/30/2023,22310029.0,Al Jameya Pharmacy,95305.0,89290.0,4465.0,93755.0,Union Cooperative Society  Ghusais,Union Cooperative Society  Ghusais,Open,Allen Joseph Anora,365.0,2300067.0,3/29/2023,2023-6-3 12-35-45,
2300066,2300066,4/13/2023,22310341.0,Kaya Trading,5600.0,3400.0,170.0,3570.0,"LEASED OFFICE BLDG 13 OFFICE, HAMRIYAH FREE ZONE-SHARJAH, UNITED ARAB EMIRATES.","LEASED OFFICE BLDG 13 OFFICE, HAMRIYAH FREE ZONE-SHARJAH, UNITED ARAB EMIRATES.",Open,Dev Kumar Rai,894.0,2300065.0,4/12/2023,2023-6-3 12-36-13,
2300067,2300067,4/30/2023,22311242.0,ICON CLINIC LLC,118400.0,105000.0,5250.0,110250.0,Dr. Abeer Sawwaf Abudhabi,Dr. Abeer Sawwaf Abudhabi,Open,Dev Kumar Rai,894.0,2300068.0,4/29/2023,2023-6-3 12-36-49,
2300068,2300068,4/5/2023,22310207.0,Delta Pharmacy,42700.0,38000.0,1900.0,39900.0,Sharjah United Arab Emirates,Sharjah United Arab Emirates,Open,Sanjay Kumar Mandal,329.0,2300066.0,4/4/2023,2023-6-3 12-37-2,
2300069,2300069,5/15/2023,22311027.0,Visage Pharmacy,119200.0,105500.0,5275.0,110775.0,Corniche Road Abudhabi,Corniche Road Abudhabi,Open,Sanjay Kumar Mandal,329.0,2300070.0,5/14/2023,2023-6-3 12-37-16,
2300070,2300070,4/15/2023,22310439.0,NAS Medical,2100.0,1800.0,90.0,1890.0,Dubai United Arab Emirates,Dubai United Arab Emirates,Open,Jalil Khadim Hussain,1008.0,2300069.0,4/14/2023,2023-6-3 12-37-35,
2300071,2300071,5/13/2023,22310789.0,Al Sharq Hospital,64400.0,59000.0,2950.0,61950.0,Fujairah United Arab Emirates,Fujairah United Arab Emirates,Open,Lucero Jackson Riconose,418.0,2300072.0,5/12/2023,2023-6-3 12-37-51,
2300072,2300072,5/18/2023,22311066.0,American European Medical Center,9800.0,7200.0,360.0,7560.0,American European Medical Center-Abudhabi,American European Medical Center-Abudhabi,Open,Allen Madrid Gomez,598.0,2300071.0,5/17/2023,2023-6-3 12-38-7,
2300073,2300073,4/19/2023,22310436.0,NADA Pharmacy,6860.0,4860.0,243.0,5103.0,Sharjah United Arab Emirates,Sharjah United Arab Emirates,Open,Michael Cadiang Manza,994.0,2300074.0,4/18/2023,2023-6-3 12-38-21,
2300074,2300074,4/3/2023,22310646.0,American Hospital Dubai LLC,103600.0,98880.0,4944.0,103824.0,Oud Metha Road Besides Our Own Model School Bur Dubai Dubai Unite,Oud Metha Road Besides Our Own Model School Bur Dubai Dubai Unite,Open,Franco Viola Parota,366.0,2300073.0,4/2/2023,2023-6-3 12-38-32,
2300075,2300075,4/11/2023,22311809.0,Carmen Beauty Salon,8120.0,7780.0,389.0,8169.0,"khalidiya street,","khalidiya street,",Open,Michael Cadiang Manza,994.0,2300076.0,4/10/2023,2023-6-3 12-38-42,
2300076,2300076,4/22/2023,22310580.0,Al Qaser Medical Center,24500.0,18500.0,925.0,19425.0,Next to Millenium Hotel Al Buhairah Sharjah United Arab Emirates,Next to Millenium Hotel Al Buhairah Sharjah United Arab Emirates,Open,Joyson Joseph Kalaparambath,1098.0,2300075.0,4/21/2023,2023-6-3 12-38-58,
2300077,2300077,4/30/2023,22311988.0,Glamour Care Clinics LLC,28000.0,24800.0,1240.0,26040.0,"Villa 813, Jumeirah Beach Road,","Villa 813, Jumeirah Beach Road,",Open,Jessie Tolntion Matitu,1138.0,2300079.0,4/29/2023,2023-6-3 12-39-12,
2300078,2300078,4/30/2023,22311998.0,Acacia Medical Center,55720.0,47720.0,2386.0,50106.0,"Villa No 15, Al Karamah Street","Villa No 15, Al Karamah Street",Open,Jessie Tolntion Matitu,1138.0,2300077.0,4/29/2023,2023-6-3 12-39-26,
2300079,2300079,4/27/2023,22311863.0,Beverly Hills Speciality Center LLC,19600.0,15900.0,795.0,16695.0,"Al walid Khalid Bin Khadim Bldg,","Al walid Khalid Bin Khadim Bldg,",Open,Joyson Joseph Kalaparambath,1098.0,2300078.0,4/26/2023,2023-6-3 12-39-39,
2300080,2300080,5/17/2023,22310029.0,Al Jameya Pharmacy,93905.0,87890.0,4395.0,92285.0,Union Cooperative Society  Ghusais,Microneedling RF and RF Fractional Laser to Al Jameya Pharmacy,Open,Allen Joseph Anora,365.0,2300082.0,5/16/2023,2023-6-3 12-39-54,
2300081,2300081,4/2/2023,22310701.0,Grace Medical Centre,142800.0,133200.0,6660.0,139860.0,26th street Abu Dhabi United Arab Emirates,26th street Abu Dhabi United Arab Emirates,Open,Jessie Tolntion Matitu,1138.0,2300083.0,3/30/2023,2023-6-3 12-40-9,
2300082,2300082,5/13/2023,22310807.0,Aesthetica Clinic LLC,13020.0,12360.0,618.0,12978.0,Al Hamrain Center Dubai United Arab Emirates,Al Hamrain Center Dubai United Arab Emirates,Open,Allen Joseph Anora,365.0,2300080.0,5/12/2023,2023-6-3 12-40-21,
2300083,2300083,5/1/2023,22310888.0,Heavenly Spa,53200.0,45200.0,2260.0,47460.0,Dora Bay G Level Opposite Sheraton - JBR Dubai United Arab Emirate,Dora Bay G Level Opposite Sheraton - JBR Dubai United Arab Emirate,Open,Tampos Antonio Magalona,415.0,2300081.0,4/30/2023,2023-6-3 12-40-34,
2300084,2300084,5/26/2023,22310097.0,Sahar Pharmacy,16800.0,16280.0,814.0,17094.0,Qasimia - behind Al Dewan Al Amere Sharjah United Arab Emirates,RF Fractional CO2 Laser Handpiece and Accessories to Sahar Pharmacy,Open,Tampos Antonio Magalona,415.0,2300085.0,5/25/2023,2023-6-3 12-40-51,
2300085,2300085,5/15/2023,22310873.0,Sera Beauty Lounge,7560.0,6460.0,323.0,6783.0,Business Central Tower Media City Dubai United Arab Emriates,Business Central Tower Media City Dubai United Arab Emriates,Open,Ariel Abapo Naciogoyo,370.0,2300084.0,5/14/2023,2023-6-3 12-42-26,
2300086,2300086,5/20/2023,22311134.0,Al Dar Medical Center,190400.0,166000.0,8300.0,174300.0,FujirahkhorfkanCornish area,FujirahkhorfkanCornish area,Open,Jinu Ambadan Jose,709.0,2300088.0,5/19/2023,2023-6-3 12-42-38,
2300087,2300087,5/16/2023,22311163.0,Health Point Hospital LLC,72100.0,62650.0,3133.0,65783.0,Zayed Sports City Airportroad Abudhabi,Zayed Sports City Airportroad Abudhabi,Open,Dev Kumar Rai,894.0,2300089.0,5/15/2023,2023-6-3 12-43-4,
2300088,2300088,5/12/2023,22311052.0,Top Medical Group,8400.0,8050.0,403.0,8453.0,Dubai,Dubai,Open,Lucero Jackson Riconose,418.0,2300086.0,5/11/2023,2023-6-3 12-50-24,
2300089,2300089,5/13/2023,22310916.0,Alexandria Pharmacy,79200.0,72000.0,3600.0,75600.0,Nahda 2 Dubai United Arab Emirates,Nahda 2 Dubai United Arab Emirates,Open,Tampos Antonio Magalona,415.0,2300087.0,5/11/2023,2023-6-3 12-50-43,
2300090,2300090,5/11/2023,22311664.0,Unicare Clinic,50365.0,44725.0,2236.0,46961.0,23 North Wing BurJuman Centre Sheik Khalifa Bin,23 North Wing BurJuman Centre Sheik Khalifa Bin,Open,Michael Cadiang Manza,994.0,2300091.0,5/10/2023,2023-6-3 12-50-57,
2300091,2300091,5/19/2023,22310029.0,Al Jameya Pharmacy,75600.0,73845.0,3692.0,77537.0,Union Cooperative Society  Ghusais,Deod Leaserto Al Jameya Pharmacy,Open,Ariel Abapo Naciogoyo,370.0,2300090.0,5/18/2023,2023-6-3 12-51-16,
2300092,2300092,4/27/2023,22311852.0,Zaki Ladies Salon,9240.0,7850.0,393.0,8243.0,"Dubai Resort Shop 2, Anatara, The Palm","Dubai Resort Shop 2, Anatara, The Palm",Open,Jalil Khadim Hussain,1008.0,2300094.0,4/26/2023,2023-6-3 12-51-57,
2300093,2300093,5/27/2023,22310182.0,Spaces Spa Center,5880.0,5220.0,261.0,5481.0,Oasis Center Dubai United Arab Emirates,SVTA Radio Hand Pice 1 to Spaces Spa Center,Open,Ariel Abapo Naciogoyo,370.0,2300092.0,5/26/2023,2023-6-3 12-52-13,
2300094,2300094,4/30/2023,22311663.0,Zulekha Hospital LLC,81900.0,78000.0,3900.0,81900.0,"Al Qusais road,","Al Qusais road,",Open,Raj Kumar Giri,981.0,2300093.0,4/29/2023,2023-6-3 12-52-27,
2300095,2300095,6/9/2023,22310269.0,Flora Beauty Spa,24500.0,18500.0,925.0,19425.0,Umm Ramool Rashidiya Dubai United Arab Emirates,Caviation Laser to Flora Beauty Spa,Open,Joyson Joseph Kalaparambath,1098.0,2300096.0,6/8/2023,2023-6-3 12-52-47,
2300096,2300096,5/20/2023,22310093.0,Women's Medical Center (Dr. Ameena),40915.0,37800.0,1890.0,39690.0,1st Floor Office No. 7 Al Mamzar Center Near Al Mulla Plaza Dubai,Microneedling RF and HandPiece to Women's Medical Center (Dr. Ameena),Open,Ariel Abapo Naciogoyo,370.0,2300095.0,5/19/2023,2023-6-3 12-53-0,
2300097,2300097,6/11/2023,22310200.0,German Clinic FZ LLC,5600.0,3400.0,170.0,3570.0,Al Razi Bldg.#64 District 1 block A 2nd floor 2008 - DHCC Dubai U,SVTA Radio Hand Pice 3 & 4,Open,Dev Kumar Rai,894.0,2300098.0,6/10/2023,2023-6-3 12-53-14,
2300098,2300098,5/19/2023,22310055.0,Al Noor Pharmacy,97300.0,94100.0,4705.0,98805.0,Mina,RF Fractional CO2 Laser and Handpiece to Al Noor Pharmacy,Open,Franco Viola Parota,366.0,2300099.0,5/18/2023,2023-6-3 13-1-58,
2300099,2300099,6/10/2023,22310210.0,Al Burg Clinic,9100.0,7100.0,355.0,7455.0,Entrance 3  1st Floor Al Mazaya Center Dubai United Arab Emirates,SVTA Radio Hand Pice 5 & 6 to Al Burg Clinic,Open,Michael Cadiang Manza,994.0,2300100.0,6/9/2023,2023-6-3 13-2-22,
2300100,2300100,6/8/2023,22310093.0,Women's Medical Center (Dr. Ameena),5880.0,5420.0,271.0,5691.0,1st Floor Office No. 7 Al Mamzar Center Near Al Mulla Plaza Dubai,VTA Radio Hand Pice 4 and 5 Women's Medical Center (Dr. Ameena),Open,Jaime  Endaya,417.0,2300101.0,6/7/2023,2023-6-3 13-2-37,
2300101,2300101,6/10/2023,22310200.0,German Clinic FZ LLC,40600.0,35900.0,1795.0,37695.0,Al Razi Bldg.#64 District 1 block A 2nd floor 2008 - DHCC Dubai U,Crio Lipo and DeodLeaser Hand Piece to German Clinic FZ LLC,Open,Dev Kumar Rai,894.0,2300097.0,6/9/2023,2023-6-3 13-2-53,
2300102,2300102,6/21/2023,22310029.0,Al Jameya Pharmacy,21700.0,18000.0,900.0,18900.0,Union Cooperative Society  Ghusais,DeodLeaser & DeodLeaser Hand Piece to Al Jameya Pharmacy,Open,Allen Joseph Anora,365.0,2300103.0,6/20/2023,2023-6-3 13-3-5,
2300103,2300103,5/30/2023,22310269.0,Flora Beauty Spa,103600.0,98880.0,4944.0,103824.0,Umm Ramool Rashidiya Dubai United Arab Emirates,SVTA Radio & VCA Laser to Flora Beauty Spa,Open,Franco Viola Parota,366.0,2300102.0,5/29/2023,2023-6-3 13-3-19,
2300104,2300104,7/19/2023,22310055.0,Al Noor Pharmacy,9240.0,8580.0,429.0,9009.0,Mina,SVTA Radio Hand Pice 1 to Al Noor Pharmacy,Open,Allen Joseph Anora,365.0,2300107.0,7/18/2023,2023-6-3 13-3-38,
2300105,2300105,6/15/2023,22310102.0,Health &amp; Aesthetic Medical Center,52080.0,48600.0,2430.0,51030.0,Buheira Corniche - Sharjah United Arab Emirates,SVTA Radio and Hand Piece to Health &amp; Aesthetic Medical Center,Open,Jaime  Endaya,417.0,2300104.0,6/14/2023,2023-6-3 13-3-52,
2300106,2300106,6/16/2023,22310097.0,Sahar Pharmacy,54320.0,50590.0,2530.0,53120.0,Qasimia - behind Al Dewan Al Amere Sharjah United Arab Emirates,SVTA Radio and Hand Pice 7 & 8 Sahar Pharmacy,Open,Allen Joseph Anora,365.0,2300105.0,6/15/2023,2023-6-3 13-4-7,
2300107,2300107,6/13/2023,22310439.0,NAS Medical,109200.0,88200.0,4410.0,92610.0,Dubai United Arab Emirates,Hydra Fresh,Open,Ariel Abapo Naciogoyo,370.0,2300108.0,6/12/2023,2023-6-3 13-4-25,
2300108,2300108,6/16/2023,22310207.0,Delta Pharmacy,79200.0,72000.0,3600.0,75600.0,Sharjah United Arab Emirates,VCA Laser & VCA Leaser Hand Piece to Delta Pharmacy,Open,Raj Kumar Giri,981.0,2300109.0,6/15/2023,2023-6-3 13-4-40,
2300109,2300109,6/29/2023,22310097.0,Sahar Pharmacy,53200.0,45200.0,2260.0,47460.0,Qasimia - behind Al Dewan Al Amere Sharjah United Arab Emirates,Mickcara & My Ultrasonic to Sahar Pharmacy,Open,Tampos Antonio Magalona,415.0,2300110.0,6/28/2023,2023-6-3 13-6-6,
2300110,2300110,5/24/2023,22310131.0,Ali Bin Ali Medical,38360.0,37070.0,1854.0,38924.0,Doha Qatar,"SVTA Radio and Hand Pice 1, 2, 3 , 4, 5 to Ali Bin Ali Medical",Open,Jalil Khadim Hussain,1008.0,2300111.0,5/23/2023,2023-6-3 13-6-20,
2300111,2300111,6/17/2023,22310133.0,Al Samnan Clinic,42000.0,38520.0,1926.0,40446.0,Al Wasit Street Samnan Sharjah United Arab Emirates,Hydra-new and Jumia to Al Samnan Clinic,Open,Franco Viola Parota,366.0,2300112.0,6/16/2023,2023-6-3 13-6-44,
2300112,2300112,6/7/2023,22310131.0,Ali Bin Ali Medical,40600.0,35900.0,1795.0,37695.0,Doha Qatar,Crio Lipo & DeodLeaser Hand Piece to Ali Bin Ali Medical,Open,Sanjay Kumar Mandal,329.0,2300113.0,6/6/2023,2023-6-3 13-6-58,
2300113,2300113,7/11/2023,22310131.0,Ali Bin Ali Medical,6300.0,5950.0,298.0,6248.0,Doha Qatar,DeodLeaser Hand Piece to Ali Bin Ali Medical,Open,Lucero Jackson Riconose,418.0,2300114.0,7/10/2023,2023-6-3 13-7-28,
2300114,2300114,6/16/2023,22310182.0,Spaces Spa Center,36190.0,31275.0,1564.0,32839.0,Oasis Center Dubai United Arab Emirates,Microneedling RF & HandPiece to Spaces Spa Center,Open,Jinu Ambadan Jose,709.0,2300115.0,6/15/2023,2023-6-3 13-7-48,
2300115,2300115,6/29/2023,22310207.0,Delta Pharmacy,81900.0,78000.0,3900.0,81900.0,Sharjah United Arab Emirates,RF Fractional CO2 Laser to Delta Pharmacy,Open,Raj Kumar Giri,981.0,2300116.0,6/28/2023,2023-6-3 13-8-1,
2300116,2300116,6/16/2023,22310131.0,Ali Bin Ali Medical,9100.0,6800.0,340.0,7140.0,Doha Qatar,RF Fractional CO2 Laser - Handpiece to Ali Bin Ali Medical,Open,Lucero Jackson Riconose,418.0,2300117.0,6/15/2023,2023-6-3 13-8-24,
2300117,2300117,7/2/2023,22310200.0,German Clinic FZ LLC,79200.0,65800.0,3290.0,69090.0,Al Razi Bldg.#64 District 1 block A 2nd floor 2008 - DHCC Dubai U,VCA Laser to VCA Leaser Hand Piece to German Clinic FZ LLC,Open,Dev Kumar Rai,894.0,2300118.0,7/1/2023,2023-6-3 13-8-40,
2300118,2300118,7/15/2023,22310200.0,German Clinic FZ LLC,69300.0,59850.0,2993.0,62843.0,Al Razi Bldg.#64 District 1 block A 2nd floor 2008 - DHCC Dubai U,Caviation Laser & Crio Lipo to German Clinic FZ LLC,Open,Dev Kumar Rai,894.0,2300120.0,7/14/2023,2023-6-3 13-8-54,
2300119,2300119,6/3/2023,22310280.0,Gulf Beauty Salon - Abu Dhabi,142800.0,133200.0,6660.0,139860.0,Near Salam Furniture Old Airport Road Abu Dhabi United Arab Emirat,G5 Slimming & Hiemt A to Gulf Beauty Salon - Abu Dhabi,Open,Jessie Tolntion Matitu,1138.0,2300121.0,6/2/2023,2023-6-3 13-9-6,
2300120,2300120,7/11/2023,22310210.0,Al Burg Clinic,9940.0,9600.0,480.0,10080.0,Entrance 3  1st Floor Al Mazaya Center Dubai United Arab Emirates,SVTA Radio Hand Pice 4 & 5,Open,Michael Cadiang Manza,994.0,2300119.0,7/10/2023,2023-6-3 13-9-20,
2300121,2300121,6/16/2023,22310252.0,Faith Pharmacy,2100.0,1800.0,90.0,1890.0,Naif Road Near Al Futtaim Mosque Deira Dubai United Arab Emirates,DeodLeaser Hand Piece to Faith Pharmacy,Open,Jalil Khadim Hussain,1008.0,2300122.0,6/14/2023,2023-6-3 13-9-35,
2300122,2300122,7/12/2023,22310210.0,Al Burg Clinic,67655.0,62015.0,3101.0,65116.0,Entrance 3  1st Floor Al Mazaya Center Dubai United Arab Emirates,Microneedling RF & Microneedling RF - HandPiece to Al Burg Clinic,Open,Michael Cadiang Manza,994.0,2300123.0,7/11/2023,2023-6-3 13-9-49,
2300123,2300123,6/29/2023,22310269.0,Flora Beauty Spa,35000.0,31300.0,1565.0,32865.0,Umm Ramool Rashidiya Dubai United Arab Emirates,DeodLeaser & DeodLeaser Hand Piece to Flora Beauty Spa,Open,Joyson Joseph Kalaparambath,1098.0,2300124.0,6/28/2023,2023-6-3 13-10-50,
2300124,2300124,6/28/2023,22310252.0,Faith Pharmacy,10360.0,8970.0,449.0,9419.0,Naif Road Near Al Futtaim Mosque Deira Dubai United Arab Emirates,SVTA Radio Hand Pice 7 & 8 to Faith Pharmacy,Open,Jalil Khadim Hussain,1008.0,2300125.0,6/27/2023,2023-6-3 13-11-2,
2300125,2300125,7/20/2023,22310093.0,Women's Medical Center (Dr. Ameena),97300.0,94100.0,4705.0,98805.0,1st Floor Office No. 7 Al Mamzar Center Near Al Mulla Plaza Dubai,1st Floor Office No. 7 Al Mamzar Center Near Al Mulla Plaza Dubai,Open,Franco Viola Parota,366.0,2300126.0,7/19/2023,2023-6-3 13-11-18,
2300126,2300126,7/2/2023,22310280.0,Gulf Beauty Salon - Abu Dhabi,71120.0,63120.0,3156.0,66276.0,Near Salam Furniture Old Airport Road Abu Dhabi United Arab Emirat,SVTA Radio and hand piece to  Gulf Beauty Salon - Abu Dhabi,Open,Jessie Tolntion Matitu,1138.0,2300127.0,7/1/2023,2023-6-3 13-11-30,
2300127,2300127,7/1/2023,22310280.0,Gulf Beauty Salon - Abu Dhabi,18200.0,15000.0,750.0,15750.0,Near Salam Furniture Old Airport Road Abu Dhabi United Arab Emirat,My Ultrasonic & SPA Slim to Gulf Beauty Salon - Abu Dhabi,Open,Jessie Tolntion Matitu,1138.0,2300128.0,6/30/2023,2023-6-3 13-11-57,
2300128,2300128,8/10/2023,22310133.0,Al Samnan Clinic,35840.0,32110.0,1606.0,33716.0,Al Wasit Street Samnan Sharjah United Arab Emirates,Al Wasit Street Samnan Sharjah United Arab Emirates,Open,Allen Joseph Anora,365.0,2300129.0,8/9/2023,2023-6-3 13-12-17,
2300129,2300129,7/27/2023,22310055.0,Al Noor Pharmacy,14700.0,14180.0,709.0,14889.0,Mina,Mina,Open,Tampos Antonio Magalona,415.0,2300130.0,7/26/2023,2023-6-3 13-12-30,
2300130,2300130,7/22/2023,22310097.0,Sahar Pharmacy,65800.0,64045.0,3202.0,67247.0,Qasimia - behind Al Dewan Al Amere Sharjah United Arab Emirates,Qasimia - behind Al Dewan Al Amere Sharjah United Arab Emirates,Open,Ariel Abapo Naciogoyo,370.0,2300131.0,7/21/2023,2023-6-3 13-12-59,
2300131,2300131,7/21/2023,22310102.0,Health & Aesthetic Medical Center,36190.0,33075.0,1654.0,34729.0,Buheira Corniche - Sharjah United Arab Emirates,Buheira Corniche - Sharjah United Arab Emirates,Open,Ariel Abapo Naciogoyo,370.0,2300132.0,7/20/2023,2023-6-3 13-13-51,
2300132,2300132,6/15/2023,22310133.0,Al Samnan Clinic,21000.0,18360.0,918.0,19278.0,Al Wasit Street Samnan Sharjah United Arab Emirates,Deod Leaser and G5 Slimming Applicators to Al Samnan Clinic,Open,Allen Madrid Gomez,598.0,2300133.0,6/14/2023,2023-6-3 13-14-3,
2300133,2300133,7/12/2023,22310029.0,Al Jameya Pharmacy,64400.0,59000.0,2950.0,61950.0,Union Cooperative Society  Ghusais,Jumia and Konmision to Al Jameya Pharmacy,Open,Lucero Jackson Riconose,418.0,2300134.0,7/11/2023,2023-6-3 13-14-20,
2300134,2300134,6/28/2023,22310055.0,Al Noor Pharmacy,59780.0,49700.0,2485.0,52185.0,Mina,Portable Diode Laser Hair Removal Equipment to Al Noor Pharmacy,Open,Franco Viola Parota,366.0,2300135.0,6/27/2023,2023-6-3 13-14-54,
2300135,2300135,7/17/2023,22310093.0,Women's Medical Center (Dr. Ameena),13440.0,12680.0,634.0,13314.0,1st Floor Office No. 7 Al Mamzar Center Near Al Mulla Plaza Dubai,SPA Slim & SVTA Radio Hand Pice 1 to Women's Medical Center (Dr. Ameena),Open,Ariel Abapo Naciogoyo,370.0,2300136.0,7/16/2023,2023-6-3 13-15-7,
2300136,2300136,7/14/2023,22310102.0,Health &amp; Aesthetic Medical Center,119200.0,105500.0,5275.0,110775.0,Buheira Corniche - Sharjah United Arab Emirates,VCA Laser & VCA Leaser Hand Piece to Health &amp; Aesthetic Medical Center,Open,Sanjay Kumar Mandal,329.0,2300137.0,7/13/2023,2023-6-3 13-15-22,
2300137,2300137,7/19/2023,22310093.0,Women's Medical Center (Dr. Ameena),7560.0,6460.0,323.0,6783.0,1st Floor Office No. 7 Al Mamzar Center Near Al Mulla Plaza Dubai,SVTA Radio Hand Pice 3 & 4 to Women's Medical Center (Dr. Ameena),Open,Ariel Abapo Naciogoyo,370.0,2300138.0,7/18/2023,2023-6-3 13-15-34,
2300138,2300138,7/20/2023,22310182.0,Spaces Spa Center,133000.0,108600.0,5430.0,114030.0,Oasis Center Dubai United Arab Emirates,Hydra Fresh & Hydra-new & Jumia to Spaces Spa Center,Open,Jinu Ambadan Jose,709.0,2300139.0,7/19/2023,2023-6-3 13-15-45,
2300139,2300139,8/13/2023,22310133.0,Al Samnan Clinic,9800.0,7200.0,360.0,7560.0,Al Wasit Street Samnan Sharjah United Arab Emirates,My Ultrasonic to Al Samnan Clinic,Open,Allen Madrid Gomez,598.0,2300140.0,8/12/2023,2023-6-3 13-16-5,
2300140,2300140,7/22/2023,22310097.0,Sahar Pharmacy,79200.0,72000.0,3600.0,75600.0,Qasimia - behind Al Dewan Al Amere Sharjah United Arab Emirates,VCA Laser & VCA Leaser Hand Piece to Sahar Pharmacy,Open,Tampos Antonio Magalona,415.0,2300141.0,7/21/2023,2023-6-3 13-16-19,
2300141,2300141,7/26/2023,22310029.0,Al Jameya Pharmacy,63665.0,57650.0,2883.0,60533.0,Union Cooperative Society  Ghusais,Union Cooperative Society  Ghusais,Open,Allen Joseph Anora,365.0,2300142.0,7/25/2023,2023-6-3 13-16-34,
2300142,2300142,8/21/2023,22310210.0,Al Burg Clinic,40180.0,38890.0,1945.0,40835.0,Entrance 3  1st Floor Al Mazaya Center Dubai United Arab Emirates,Entrance 3  1st Floor Al Mazaya Center Dubai United Arab Emirates,Open,Jalil Khadim Hussain,1008.0,2300143.0,7/20/2023,2023-6-3 13-16-47,
2300143,2300143,8/16/2023,22310200.0,German Clinic FZ LLC,16100.0,13800.0,690.0,14490.0,Al Razi Bldg.#64 District 1 block A 2nd floor 2008 - DHCC Dubai U,Al Razi Bldg.#64 District 1 block A 2nd floor 2008 - DHCC Dubai U,Open,Lucero Jackson Riconose,418.0,2300144.0,8/15/2023,2023-6-3 13-16-58,
2300144,2300144,8/17/2023,22310280.0,Gulf Beauty Salon - Abu Dhabi,40915.0,36000.0,1800.0,37800.0,Near Salam Furniture Old Airport Road Abu Dhabi United Arab Emirat,Near Salam Furniture Old Airport Road Abu Dhabi United Arab Emirat,Open,Jinu Ambadan Jose,709.0,2300145.0,8/16/2023,2023-6-3 13-17-8,
2300145,2300145,8/3/2023,22310286.0,Hamad Pharmacy,13440.0,12780.0,639.0,13419.0,Al Wasit Street Al Shaba Sharjah United Arab Emirates,Al Wasit Street Al Shaba Sharjah United Arab Emirates,Open,Ariel Abapo Naciogoyo,370.0,2300146.0,8/2/2023,2023-6-3 13-17-58,
2300146,2300146,8/15/2023,22310269.0,Flora Beauty Spa,58800.0,55320.0,2766.0,58086.0,Umm Ramool Rashidiya Dubai United Arab Emirates,Umm Ramool Rashidiya Dubai United Arab Emirates,Open,Franco Viola Parota,366.0,2300147.0,8/14/2023,2023-6-3 13-18-13,
2300147,2300147,8/16/2023,22310436.0,NADA Pharmacy,11480.0,9480.0,474.0,9954.0,Sharjah United Arab Emirates,Sharjah United Arab Emirates,Open,Michael Cadiang Manza,994.0,2300148.0,8/14/2023,2023-6-3 13-18-29,
2300148,2300148,7/30/2023,22310646.0,American Hospital Dubai LLC,64400.0,59680.0,2984.0,62664.0,Oud Metha Road Besides Our Own Model School Bur Dubai Dubai Unite,Oud Metha Road Besides Our Own Model School Bur Dubai Dubai Unite,Open,Franco Viola Parota,366.0,2300149.0,7/29/2023,2023-6-3 13-18-48,
2300149,2300149,9/15/2023,22310789.0,Al Sharq Hospital,64400.0,59000.0,2950.0,61950.0,Fujairah United Arab Emirates,Fujairah United Arab Emirates,Open,Lucero Jackson Riconose,418.0,2300150.0,9/14/2023,2023-6-3 13-18-59,
2300150,2300150,8/6/2023,22310207.0,Delta Pharmacy,46900.0,42200.0,2110.0,44310.0,Sharjah United Arab Emirates,Sharjah United Arab Emirates,Open,Sanjay Kumar Mandal,329.0,2300151.0,8/5/2023,2023-6-3 13-19-12,
2300151,2300151,8/17/2023,22310580.0,Al Qaser Medical Center,24500.0,18500.0,925.0,19425.0,Next to Millenium Hotel Al Buhairah Sharjah United Arab Emirates,Next to Millenium Hotel Al Buhairah Sharjah United Arab Emirates,Open,Joyson Joseph Kalaparambath,1098.0,2300152.0,8/16/2023,2023-6-3 13-19-28,
2300152,2300152,8/29/2023,22310802.0,Elite Medical Centre,53480.0,43400.0,2170.0,45570.0,Jumeirah 1 Beach Road Dubai United Arab Emirates,Jumeirah 1 Beach Road Dubai United Arab Emirates,Open,Franco Viola Parota,366.0,2300153.0,8/28/2023,2023-6-3 13-19-39,
2300153,2300153,9/15/2023,22310807.0,Aesthetica Clinic LLC,15540.0,14880.0,744.0,15624.0,Al Hamrain Center Dubai United Arab Emirates,Al Hamrain Center Dubai United Arab Emirates,Open,Allen Joseph Anora,365.0,2300154.0,9/14/2023,2023-6-3 13-20-3,
2300154,2300154,8/23/2023,22310776.0,Mafraq Hospital,39200.0,35500.0,1775.0,37275.0,P.O. 2951 Abu Dhabi - United Arab Emirates,P.O. 2951 Abu Dhabi - United Arab Emirates,Open,Allen Joseph Anora,365.0,2300155.0,8/22/2023,2023-6-3 13-20-14,
2300155,2300155,9/13/2023,22310873.0,Sera Beauty Lounge,13160.0,12060.0,603.0,12663.0,Business Central Tower Media City Dubai United Arab Emriates,Business Central Tower Media City Dubai United Arab Emriates,Open,Ariel Abapo Naciogoyo,370.0,2300156.0,9/12/2023,2023-6-3 13-20-26,
2300156,2300156,9/10/2023,22311027.0,Visage Pharmacy,119200.0,105500.0,5275.0,110775.0,Corniche Road Abudhabi,Corniche Road Abudhabi,Open,Sanjay Kumar Mandal,329.0,2300157.0,9/9/2023,2023-6-3 13-20-42,
2300157,2300157,8/30/2023,22310888.0,Heavenly Spa,63000.0,55000.0,2750.0,57750.0,Dora Bay G Level Opposite Sheraton - JBR Dubai United Arab Emirate,Dora Bay G Level Opposite Sheraton - JBR Dubai United Arab Emirate,Open,Tampos Antonio Magalona,415.0,2300158.0,8/29/2023,2023-6-3 13-21-0,
2300158,2300158,9/9/2023,22311134.0,Al Dar Medical Center,133000.0,108600.0,5430.0,114030.0,FujirahkhorfkanCornish area,FujirahkhorfkanCornish area,Open,Jinu Ambadan Jose,709.0,2300159.0,9/8/2023,2023-6-3 13-21-13,
2300159,2300159,9/12/2023,22311052.0,Top Medical Group,10500.0,10150.0,508.0,10658.0,Dubai,Dubai,Open,Lucero Jackson Riconose,418.0,2300160.0,9/11/2023,2023-6-3 13-21-25,
2300160,2300160,9/15/2023,22310827.0,Al Soor Pharmacy LLC,25200.0,24440.0,1222.0,25662.0,Al Soor Area opposite King Faisal Area Mosque Sharjah United Arab E,Al Soor Area opposite King Faisal Area Mosque Sharjah United Arab E,Open,Ariel Abapo Naciogoyo,370.0,2300161.0,9/14/2023,2023-6-3 13-21-35,
2300161,2300161,8/29/2023,22311242.0,ICON CLINIC LLC,79200.0,65800.0,3290.0,69090.0,Dr. Abeer Sawwaf Abudhabi,Dr. Abeer Sawwaf Abudhabi,Open,Dev Kumar Rai,894.0,2300162.0,8/28/2023,2023-6-3 13-21-50,
2300162,2300162,9/12/2023,22311066.0,American European Medical Center,19600.0,17000.0,850.0,17850.0,American European Medical Center-Abudhabi,American European Medical Center-Abudhabi,Open,Allen Madrid Gomez,598.0,2300163.0,9/11/2023,2023-6-3 13-22-2,
2300163,2300163,9/13/2023,22311163.0,Health Point Hospital LLC,74900.0,65450.0,3273.0,68723.0,Zayed Sports City Airportroad Abudhabi,Zayed Sports City Airportroad Abudhabi,Open,Dev Kumar Rai,894.0,2300164.0,9/12/2023,2023-6-3 13-22-11,
2300164,2300164,9/12/2023,22310916.0,Alexandria Pharmacy,79200.0,72000.0,3600.0,75600.0,Nahda 2 Dubai United Arab Emirates,Nahda 2 Dubai United Arab Emirates,Open,Tampos Antonio Magalona,415.0,2300165.0,9/11/2023,2023-6-3 13-22-20,
2300165,2300165,8/31/2023,22311863.0,Beverly Hills Speciality Center LLC,37100.0,33400.0,1670.0,35070.0,"Al walid Khalid Bin Khadim Bldg,","Al walid Khalid Bin Khadim Bldg,",Open,Joyson Joseph Kalaparambath,1098.0,2300166.0,8/30/2023,2023-6-3 13-22-32,
2300166,2300166,9/14/2023,22311664.0,Unicare Clinic,45640.0,40000.0,2000.0,42000.0,23 North Wing BurJuman Centre Sheik Khalifa Bin,23 North Wing BurJuman Centre Sheik Khalifa Bin,Open,Michael Cadiang Manza,994.0,2300167.0,9/13/2023,2023-6-3 13-22-55,
2300167,2300167,8/30/2023,22311663.0,Zulekha Hospital LLC,81900.0,78000.0,3900.0,81900.0,"Al Qusais road,","Al Qusais road,",Open,Raj Kumar Giri,981.0,2300168.0,8/29/2023,2023-6-3 13-23-9,
2300168,2300168,9/13/2023,22311809.0,Carmen Beauty Salon,9940.0,9600.0,480.0,10080.0,"khalidiya street,","khalidiya street,",Open,Michael Cadiang Manza,994.0,2300169.0,9/12/2023,2023-6-3 13-23-20,
2300169,2300169,8/30/2023,22311998.0,Acacia Medical Center,75740.0,67740.0,3387.0,71127.0,"Villa No 15, Al Karamah Street","Villa No 15, Al Karamah Street",Open,Jessie Tolntion Matitu,1138.0,2300170.0,8/29/2023,2023-6-3 13-23-32,
2300170,2300170,8/2/2023,22311988.0,Glamour Care Clinics LLC,26600.0,23400.0,1170.0,24570.0,"Villa 813, Jumeirah Beach Road,","Villa 813, Jumeirah Beach Road,",Open,Jessie Tolntion Matitu,1138.0,2300171.0,8/1/2023,2023-6-3 13-23-44,
2300171,2300171,9/16/2023,22310029.0,Al Jameya Pharmacy,84455.0,78440.0,3922.0,82362.0,Union Cooperative Society  Ghusais,Microneedling RF and RF Fractional Laser to Al Jameya Pharmacy,Open,Allen Joseph Anora,365.0,2300172.0,9/15/2023,2023-6-3 13-23-58,
2300172,2300172,9/27/2023,22310097.0,Sahar Pharmacy,16800.0,16280.0,814.0,17094.0,Qasimia - behind Al Dewan Al Amere Sharjah United Arab Emirates,RF Fractional CO2 Laser Handpiece and Accessories to Sahar Pharmacy,Open,Tampos Antonio Magalona,415.0,2300173.0,9/26/2023,2023-6-3 13-24-10,
2300173,2300173,8/10/2023,22310747.0,Marjan Beauty Saloon JLT,119000.0,98000.0,4900.0,102900.0,Shop# 6 Saba Tower 1 Jumeirah Lakes Towers Dubai United Arab Emir,Shop# 6 Saba Tower 1 Jumeirah Lakes Towers Dubai United Arab Emir,Open,Ariel Abapo Naciogoyo,370.0,2300174.0,8/9/2023,2023-6-3 13-24-26,
2300174,2300174,9/21/2023,22310029.0,Al Jameya Pharmacy,75600.0,73845.0,3692.0,77537.0,Union Cooperative Society  Ghusais,Deod Leaserto Al Jameya Pharmacy,Open,Ariel Abapo Naciogoyo,370.0,2300175.0,9/20/2023,2023-6-3 13-24-35,
2300175,2300175,9/17/2023,22310055.0,Al Noor Pharmacy,97300.0,94100.0,4705.0,98805.0,Mina,RF Fractional CO2 Laser and Handpiece to Al Noor Pharmacy,Open,Franco Viola Parota,366.0,2300176.0,9/16/2023,2023-6-3 13-24-45,
2300176,2300176,8/22/2023,22310131.0,Ali Bin Ali Medical,18060.0,17600.0,880.0,18480.0,Doha Qatar,Doha Qatar,Open,Jaime  Endaya,417.0,2300177.0,8/21/2023,2023-6-3 13-24-54,
2300177,2300177,7/25/2023,22310252.0,Faith Pharmacy,23800.0,21160.0,1058.0,22218.0,Naif Road Near Al Futtaim Mosque Deira Dubai United Arab Emirates,Naif Road Near Al Futtaim Mosque Deira Dubai United Arab Emirates,Open,Allen Madrid Gomez,598.0,2300178.0,7/24/2023,2023-6-3 13-25-4,
2300178,2300178,8/23/2023,22310182.0,Spaces Spa Center,31920.0,28440.0,1422.0,29862.0,Oasis Center Dubai United Arab Emirates,Oasis Center Dubai United Arab Emirates,Open,Jaime  Endaya,417.0,2300179.0,8/22/2023,2023-6-3 13-25-32,
2300179,2300179,8/2/2023,22310701.0,Grace Medical Centre,145600.0,136000.0,6800.0,142800.0,26th street Abu Dhabi United Arab Emirates,26th street Abu Dhabi United Arab Emirates,Open,Jessie Tolntion Matitu,1138.0,2300180.0,8/1/2023,2023-6-3 13-25-44,
2300180,2300180,10/13/2023,22310182.0,Spaces Spa Center,45640.0,40725.0,2036.0,42761.0,Oasis Center Dubai United Arab Emirates,Microneedling RF & HandPiece to Spaces Spa Center,Open,Jinu Ambadan Jose,709.0,2300181.0,10/12/2023,2023-6-3 13-25-59,
2300181,2300181,10/2/2023,22310131.0,Ali Bin Ali Medical,77000.0,72300.0,3615.0,75915.0,Doha Qatar,Crio Lipo & DeodLeaser Hand Piece to Ali Bin Ali Medical,Open,Sanjay Kumar Mandal,329.0,2300182.0,10/1/2023,2023-6-3 13-26-44,
2300182,2300182,9/23/2023,22310133.0,Al Samnan Clinic,36400.0,33760.0,1688.0,35448.0,Al Wasit Street Samnan Sharjah United Arab Emirates,Deod Leaser and G5 Slimming Applicators to Al Samnan Clinic,Open,Allen Madrid Gomez,598.0,2300183.0,9/22/2023,2023-6-3 13-27-3,
2300183,2300183,8/15/2023,22310341.0,Kaya Trading,9380.0,7180.0,359.0,7539.0,"LEASED OFFICE BLDG 13 OFFICE, HAMRIYAH FREE ZONE-SHARJAH, UNITED ARAB EMIRATES.","LEASED OFFICE BLDG 13 OFFICE, HAMRIYAH FREE ZONE-SHARJAH, UNITED ARAB EMIRATES.",Open,Dev Kumar Rai,894.0,2300184.0,8/14/2023,2023-6-3 13-27-15,
2300184,2300184,9/26/2023,22310182.0,Spaces Spa Center,5880.0,5220.0,261.0,5481.0,Oasis Center Dubai United Arab Emirates,SVTA Radio Hand Pice 1 to Spaces Spa Center,Open,Ariel Abapo Naciogoyo,370.0,2300185.0,9/25/2023,2023-6-3 13-27-28,
2300185,2300185,10/17/2023,22310131.0,Ali Bin Ali Medical,23800.0,21500.0,1075.0,22575.0,Doha Qatar,RF Fractional CO2 Laser - Handpiece to Ali Bin Ali Medical,Open,Lucero Jackson Riconose,418.0,2300186.0,10/16/2023,2023-6-3 13-28-35,
2300186,2300186,10/6/2023,22310097.0,Sahar Pharmacy,60760.0,57030.0,2852.0,59882.0,Qasimia - behind Al Dewan Al Amere Sharjah United Arab Emirates,SVTA Radio and Hand Pice 7 & 8 Sahar Pharmacy,Open,Allen Joseph Anora,365.0,2300187.0,10/5/2023,2023-6-3 13-28-59,
2300187,2300187,10/17/2023,22310102.0,Health &amp; Aesthetic Medical Center,28560.0,25080.0,1254.0,26334.0,Buheira Corniche - Sharjah United Arab Emirates,SVTA Radio and Hand Piece to Health &amp; Aesthetic Medical Center,Open,Jaime  Endaya,417.0,2300188.0,10/16/2023,2023-6-3 13-29-8,
2300188,2300188,10/8/2023,22310269.0,Flora Beauty Spa,24500.0,18500.0,925.0,19425.0,Umm Ramool Rashidiya Dubai United Arab Emirates,Caviation Laser to Flora Beauty Spa,Open,Joyson Joseph Kalaparambath,1098.0,2300189.0,10/7/2023,2023-6-3 13-29-21,
2300189,2300189,10/9/2023,22310207.0,Delta Pharmacy,79200.0,72000.0,3600.0,75600.0,Sharjah United Arab Emirates,VCA Laser & VCA Leaser Hand Piece to Delta Pharmacy,Open,Raj Kumar Giri,981.0,2300190.0,10/7/2023,2023-6-3 13-29-33,
2300190,2300190,10/10/2023,22310439.0,NAS Medical,128800.0,107800.0,5390.0,113190.0,Dubai United Arab Emirates,Hydra Fresh,Open,Ariel Abapo Naciogoyo,370.0,2300191.0,10/9/2023,2023-6-3 13-29-45,
2300191,2300191,10/11/2023,22310252.0,Faith Pharmacy,6300.0,6000.0,300.0,6300.0,Naif Road Near Al Futtaim Mosque Deira Dubai United Arab Emirates,DeodLeaser Hand Piece to Faith Pharmacy,Open,Jalil Khadim Hussain,1008.0,2300192.0,10/10/2023,2023-6-3 13-29-56,
2300192,2300192,10/12/2023,22310210.0,Al Burg Clinic,9100.0,7100.0,355.0,7455.0,Entrance 3  1st Floor Al Mazaya Center Dubai United Arab Emirates,SVTA Radio Hand Pice 5 & 6 to Al Burg Clinic,Open,Michael Cadiang Manza,994.0,2300193.0,10/11/2023,2023-6-3 13-30-8,
2300193,2300193,9/27/2023,22310269.0,Flora Beauty Spa,64400.0,59680.0,2984.0,62664.0,Umm Ramool Rashidiya Dubai United Arab Emirates,SVTA Radio & VCA Laser to Flora Beauty Spa,Open,Franco Viola Parota,366.0,2300194.0,9/26/2023,2023-6-3 13-30-22,
2300194,2300194,9/30/2023,22310280.0,Gulf Beauty Salon - Abu Dhabi,148400.0,138800.0,6940.0,145740.0,Near Salam Furniture Old Airport Road Abu Dhabi United Arab Emirat,G5 Slimming & Hiemt A to Gulf Beauty Salon - Abu Dhabi,Open,Jessie Tolntion Matitu,1138.0,2300195.0,9/29/2023,2023-6-3 13-30-35,
2300195,2300195,10/11/2023,22310093.0,Women's Medical Center (Dr. Ameena),8120.0,7660.0,383.0,8043.0,1st Floor Office No. 7 Al Mamzar Center Near Al Mulla Plaza Dubai,VTA Radio Hand Pice 4 and 5 Women's Medical Center (Dr. Ameena),Open,Jaime  Endaya,417.0,2300196.0,10/10/2023,2023-6-3 13-30-48,
2300196,2300196,10/21/2023,22310029.0,Al Jameya Pharmacy,39200.0,35500.0,1775.0,37275.0,Union Cooperative Society  Ghusais,DeodLeaser & DeodLeaser Hand Piece to Al Jameya Pharmacy,Open,Allen Joseph Anora,365.0,2300197.0,10/20/2023,2023-6-3 13-31-2,
2300197,2300197,10/23/2023,22310055.0,Al Noor Pharmacy,106960.0,96880.0,4844.0,101724.0,Mina,Portable Diode Laser Hair Removal Equipment to Al Noor Pharmacy,Open,Franco Viola Parota,366.0,2300198.0,10/22/2023,2023-6-3 13-31-19,
2300198,2300198,11/5/2023,22310029.0,Al Jameya Pharmacy,64400.0,59000.0,2950.0,61950.0,Union Cooperative Society  Ghusais,Jumia and Konmision to Al Jameya Pharmacy,Open,Lucero Jackson Riconose,418.0,2300199.0,11/4/2023,2023-6-3 13-31-38,
2300199,2300199,8/19/2023,22310298.0,HANI Pharmacy Abu Dhabi,42700.0,38000.0,1900.0,39900.0,Hamdah Street Near Standard Chartered Bank Abu Dhabi,Hamdah Street Near Standard Chartered Bank Abu Dhabi,Open,Dev Kumar Rai,894.0,2300200.0,8/18/2023,2023-6-3 13-31-52,
2300200,2300200,8/20/2023,22310359.0,Life Pharmacy LLC,79200.0,72000.0,3600.0,75600.0,Mall of Emirates bridge turn left towards Lulu Hypermarket  left side,Mall of Emirates bridge turn left towards Lulu Hypermarket  left side,Open,Raj Kumar Giri,981.0,2300201.0,8/19/2023,2023-6-3 13-32-6,
2300201,2300201,8/15/2023,22310439.0,NAS Medical,4200.0,3900.0,195.0,4095.0,Dubai United Arab Emirates,Dubai United Arab Emirates,Open,Jalil Khadim Hussain,1008.0,2300202.0,8/14/2023,2023-6-3 13-32-19,
2300202,2300202,9/20/2023,22310131.0,Ali Bin Ali Medical,42000.0,40710.0,2036.0,42746.0,Doha Qatar,"SVTA Radio and Hand Pice 1, 2, 3 , 4, 5 to Ali Bin Ali Medical",Open,Jalil Khadim Hussain,1008.0,2300203.0,9/19/2023,2023-6-3 13-32-37,
2300203,2300203,11/11/2023,22310093.0,Women's Medical Center (Dr. Ameena),21840.0,21080.0,1054.0,22134.0,1st Floor Office No. 7 Al Mamzar Center Near Al Mulla Plaza Dubai,SPA Slim & SVTA Radio Hand Pice 1 to Women's Medical Center (Dr. Ameena),Open,Ariel Abapo Naciogoyo,370.0,2300204.0,11/10/2023,2023-6-3 13-33-4,
2300204,2300204,11/13/2023,22310131.0,Ali Bin Ali Medical,6300.0,5950.0,298.0,6248.0,Doha Qatar,DeodLeaser Hand Piece to Ali Bin Ali Medical,Open,Lucero Jackson Riconose,418.0,2300205.0,11/12/2023,2023-6-3 13-33-15,
2300205,2300205,10/26/2023,22310133.0,Al Samnan Clinic,42000.0,38520.0,1926.0,40446.0,Al Wasit Street Samnan Sharjah United Arab Emirates,Hydra-new and Jumia to Al Samnan Clinic,Open,Franco Viola Parota,366.0,2300206.0,10/25/2023,2023-6-3 13-33-32,
2300206,2300206,8/31/2023,22311852.0,Zaki Ladies Salon,9520.0,8130.0,407.0,8537.0,"Dubai Resort Shop 2, Anatara, The Palm","Dubai Resort Shop 2, Anatara, The Palm",Open,Jalil Khadim Hussain,1008.0,2300207.0,8/30/2023,2023-6-3 13-33-46,
2300207,2300207,11/12/2023,22310200.0,German Clinic FZ LLC,93800.0,84350.0,4218.0,88568.0,Al Razi Bldg.#64 District 1 block A 2nd floor 2008 - DHCC Dubai U,Caviation Laser & Crio Lipo to German Clinic FZ LLC,Open,Dev Kumar Rai,894.0,2300208.0,11/11/2023,2023-6-3 13-34-5,
2300208,2300208,10/26/2023,22310252.0,Faith Pharmacy,5320.0,3930.0,197.0,4127.0,Naif Road Near Al Futtaim Mosque Deira Dubai United Arab Emirates,SVTA Radio Hand Pice 7 & 8 to Faith Pharmacy,Open,Jalil Khadim Hussain,1008.0,2300209.0,10/25/2023,2023-6-3 13-34-27,
2300209,2300209,10/24/2023,22310200.0,German Clinic FZ LLC,9380.0,7180.0,359.0,7539.0,Al Razi Bldg.#64 District 1 block A 2nd floor 2008 - DHCC Dubai U,SVTA Radio Hand Pice 3 & 4,Open,Dev Kumar Rai,894.0,2300210.0,10/23/2023,2023-6-3 13-34-39,
2300210,2300210,10/27/2023,22310207.0,Delta Pharmacy,81900.0,78000.0,3900.0,81900.0,Sharjah United Arab Emirates,RF Fractional CO2 Laser to Delta Pharmacy,Open,Raj Kumar Giri,981.0,2300211.0,10/26/2023,2023-6-3 13-34-52,
2300211,2300211,11/9/2023,22310210.0,Al Burg Clinic,72380.0,66740.0,3337.0,70077.0,Entrance 3  1st Floor Al Mazaya Center Dubai United Arab Emirates,Microneedling RF & Microneedling RF - HandPiece to Al Burg Clinic,Open,Michael Cadiang Manza,994.0,2300212.0,11/8/2023,2023-6-3 13-35-7,
2300212,2300212,11/8/2023,22310210.0,Al Burg Clinic,9940.0,9600.0,480.0,10080.0,Entrance 3  1st Floor Al Mazaya Center Dubai United Arab Emirates,SVTA Radio Hand Pice 4 & 5,Open,Michael Cadiang Manza,994.0,2300213.0,11/7/2023,2023-6-3 13-35-25,
2300213,2300213,10/26/2023,22310269.0,Flora Beauty Spa,19600.0,15900.0,795.0,16695.0,Umm Ramool Rashidiya Dubai United Arab Emirates,DeodLeaser & DeodLeaser Hand Piece to Flora Beauty Spa,Open,Joyson Joseph Kalaparambath,1098.0,2300214.0,10/25/2023,2023-6-3 13-35-42,
2300214,2300214,10/28/2023,22310280.0,Gulf Beauty Salon - Abu Dhabi,69720.0,61720.0,3086.0,64806.0,Near Salam Furniture Old Airport Road Abu Dhabi United Arab Emirat,SVTA Radio and hand piece to  Gulf Beauty Salon - Abu Dhabi,Open,Jessie Tolntion Matitu,1138.0,2300215.0,10/27/2023,2023-6-3 13-35-57,
2300215,2300215,11/16/2023,22310093.0,Women's Medical Center (Dr. Ameena),105000.0,101800.0,5090.0,106890.0,1st Floor Office No. 7 Al Mamzar Center Near Al Mulla Plaza Dubai,1st Floor Office No. 7 Al Mamzar Center Near Al Mulla Plaza Dubai,Open,Franco Viola Parota,366.0,2300216.0,11/15/2023,2023-6-3 13-36-9,
2300216,2300216,9/20/2023,22310093.0,Women's Medical Center (Dr. Ameena),40915.0,37800.0,1890.0,39690.0,1st Floor Office No. 7 Al Mamzar Center Near Al Mulla Plaza Dubai,Microneedling RF and HandPiece to Women's Medical Center (Dr. Ameena),Open,Ariel Abapo Naciogoyo,370.0,2300217.0,9/19/2023,2023-6-3 13-36-28,
2300217,2300217,11/17/2023,22310029.0,Al Jameya Pharmacy,66990.0,60975.0,3049.0,64024.0,Union Cooperative Society  Ghusais,Union Cooperative Society  Ghusais,Open,Allen Joseph Anora,365.0,2300218.0,11/16/2023,2023-6-3 13-36-41,
2300218,2300218,11/14/2023,22310093.0,Women's Medical Center (Dr. Ameena),11480.0,10380.0,519.0,10899.0,1st Floor Office No. 7 Al Mamzar Center Near Al Mulla Plaza Dubai,SVTA Radio Hand Pice 3 & 4 to Women's Medical Center (Dr. Ameena),Open,Ariel Abapo Naciogoyo,370.0,2300219.0,11/13/2023,2023-6-3 13-36-56,
2300219,2300219,11/10/2023,22310182.0,Spaces Spa Center,158200.0,133800.0,6690.0,140490.0,Oasis Center Dubai United Arab Emirates,Hydra Fresh & Hydra-new & Jumia to Spaces Spa Center,Open,Jinu Ambadan Jose,709.0,2300220.0,11/9/2023,2023-6-3 13-37-11,
2300220,2300220,11/17/2023,22310102.0,Health & Aesthetic Medical Center,45640.0,42525.0,2126.0,44651.0,Buheira Corniche - Sharjah United Arab Emirates,Buheira Corniche - Sharjah United Arab Emirates,Open,Ariel Abapo Naciogoyo,370.0,2300221.0,11/16/2023,2023-6-3 13-37-22,
2300221,2300221,12/5/2023,22310133.0,Al Samnan Clinic,35840.0,32110.0,1606.0,33716.0,Al Wasit Street Samnan Sharjah United Arab Emirates,Al Wasit Street Samnan Sharjah United Arab Emirates,Open,Allen Joseph Anora,365.0,2300222.0,12/4/2023,2023-6-3 13-37-36,
2300222,2300222,12/11/2023,22310182.0,Spaces Spa Center,33600.0,30120.0,1506.0,31626.0,Oasis Center Dubai United Arab Emirates,Oasis Center Dubai United Arab Emirates,Open,Jaime  Endaya,417.0,2300223.0,12/10/2023,2023-6-3 13-37-48,
2300223,2300223,12/16/2023,22310097.0,Sahar Pharmacy,65800.0,64045.0,3202.0,67247.0,Qasimia - behind Al Dewan Al Amere Sharjah United Arab Emirates,Qasimia - behind Al Dewan Al Amere Sharjah United Arab Emirates,Open,Ariel Abapo Naciogoyo,370.0,2300224.0,12/15/2023,2023-6-3 13-38-0,
2300224,2300224,12/1/2023,22310207.0,Delta Pharmacy,46900.0,42200.0,2110.0,44310.0,Sharjah United Arab Emirates,Sharjah United Arab Emirates,Open,Sanjay Kumar Mandal,329.0,2300225.0,11/30/2023,2023-6-3 13-38-10,
2300225,2300225,11/21/2023,22310210.0,Al Burg Clinic,44240.0,42950.0,2148.0,45098.0,Entrance 3  1st Floor Al Mazaya Center Dubai United Arab Emirates,Entrance 3  1st Floor Al Mazaya Center Dubai United Arab Emirates,Open,Jalil Khadim Hussain,1008.0,2300226.0,11/20/2023,2023-6-3 13-38-22,
2300226,2300226,10/11/2023,22310200.0,German Clinic FZ LLC,44800.0,40100.0,2005.0,42105.0,Al Razi Bldg.#64 District 1 block A 2nd floor 2008 - DHCC Dubai U,Crio Lipo and DeodLeaser Hand Piece to German Clinic FZ LLC,Open,Dev Kumar Rai,894.0,2300227.0,10/10/2023,2023-6-3 13-38-36,
2300227,2300227,11/15/2023,22310133.0,Al Samnan Clinic,9800.0,7200.0,360.0,7560.0,Al Wasit Street Samnan Sharjah United Arab Emirates,My Ultrasonic to Al Samnan Clinic,Open,Allen Madrid Gomez,598.0,2300228.0,11/14/2023,2023-6-3 13-38-47,
2300228,2300228,11/12/2023,22310055.0,Al Noor Pharmacy,13020.0,12360.0,618.0,12978.0,Mina,SVTA Radio Hand Pice 1 to Al Noor Pharmacy,Open,Allen Joseph Anora,365.0,2300229.0,11/11/2023,2023-6-3 13-39-0,
2300229,2300229,11/13/2023,22310097.0,Sahar Pharmacy,79200.0,72000.0,3600.0,75600.0,Qasimia - behind Al Dewan Al Amere Sharjah United Arab Emirates,VCA Laser & VCA Leaser Hand Piece to Sahar Pharmacy,Open,Tampos Antonio Magalona,415.0,2300230.0,11/10/2023,2023-6-3 13-39-15,
2300230,2300230,10/25/2023,22310097.0,Sahar Pharmacy,72800.0,64800.0,3240.0,68040.0,Qasimia - behind Al Dewan Al Amere Sharjah United Arab Emirates,Mickcara & My Ultrasonic to Sahar Pharmacy,Open,Tampos Antonio Magalona,415.0,2300231.0,10/24/2023,2023-6-3 13-39-30,
2300231,2300231,12/6/2023,22310131.0,Ali Bin Ali Medical,18060.0,17600.0,880.0,18480.0,Doha Qatar,Doha Qatar,Open,Jaime  Endaya,417.0,2300233.0,12/5/2023,2023-6-3 13-39-45,
2300232,2300232,11/10/2023,22310102.0,Health &amp; Aesthetic Medical Center,119200.0,105500.0,5275.0,110775.0,Buheira Corniche - Sharjah United Arab Emirates,VCA Laser & VCA Leaser Hand Piece to Health &amp; Aesthetic Medical Center,Open,Sanjay Kumar Mandal,329.0,2300232.0,11/9/2023,2023-6-3 13-39-58,
2300233,2300233,10/28/2023,22310200.0,German Clinic FZ LLC,79200.0,65800.0,3290.0,69090.0,Al Razi Bldg.#64 District 1 block A 2nd floor 2008 - DHCC Dubai U,VCA Laser to VCA Leaser Hand Piece to German Clinic FZ LLC,Open,Dev Kumar Rai,894.0,2300234.0,10/27/2023,2023-6-3 13-40-17,
2300234,2300234,10/27/2023,22310280.0,Gulf Beauty Salon - Abu Dhabi,28000.0,24800.0,1240.0,26040.0,Near Salam Furniture Old Airport Road Abu Dhabi United Arab Emirat,My Ultrasonic & SPA Slim to Gulf Beauty Salon - Abu Dhabi,Open,Jessie Tolntion Matitu,1138.0,2300235.0,10/26/2023,2023-6-3 13-40-30,
2300235,2300235,11/23/2023,22310252.0,Faith Pharmacy,23800.0,21160.0,1058.0,22218.0,Naif Road Near Al Futtaim Mosque Deira Dubai United Arab Emirates,Naif Road Near Al Futtaim Mosque Deira Dubai United Arab Emirates,Open,Allen Madrid Gomez,598.0,2300236.0,11/21/2023,2023-6-3 13-40-42,
2300236,2300236,11/24/2023,22310055.0,Al Noor Pharmacy,14700.0,14180.0,709.0,14889.0,Mina,Mina,Open,Tampos Antonio Magalona,415.0,2300237.0,11/22/2023,2023-6-3 13-40-55,
2300237,2300237,12/13/2023,22310200.0,German Clinic FZ LLC,17500.0,15200.0,760.0,15960.0,Al Razi Bldg.#64 District 1 block A 2nd floor 2008 - DHCC Dubai U,Al Razi Bldg.#64 District 1 block A 2nd floor 2008 - DHCC Dubai U,Open,Lucero Jackson Riconose,418.0,2300238.0,12/12/2023,2023-6-3 13-41-9,
2300238,2300238,11/28/2023,22310701.0,Grace Medical Centre,145600.0,136000.0,6800.0,142800.0,26th street Abu Dhabi United Arab Emirates,26th street Abu Dhabi United Arab Emirates,Open,Jessie Tolntion Matitu,1138.0,2300239.0,11/27/2023,2023-6-3 13-41-40,
2300239,2300239,12/10/2023,22310747.0,Marjan Beauty Saloon JLT,144200.0,124400.0,6220.0,130620.0,Shop# 6 Saba Tower 1 Jumeirah Lakes Towers Dubai United Arab Emir,Shop# 6 Saba Tower 1 Jumeirah Lakes Towers Dubai United Arab Emir,Open,Ariel Abapo Naciogoyo,370.0,2300240.0,12/9/2023,2023-6-3 13-41-54,
2300240,2300240,12/19/2023,22310776.0,Mafraq Hospital,39200.0,35500.0,1775.0,37275.0,P.O. 2951 Abu Dhabi - United Arab Emirates,P.O. 2951 Abu Dhabi - United Arab Emirates,Open,Allen Joseph Anora,365.0,2300241.0,12/18/2023,2023-6-3 13-42-7,
2300241,2300241,12/31/2023,22310789.0,Al Sharq Hospital,64400.0,59000.0,2950.0,61950.0,Fujairah United Arab Emirates,Fujairah United Arab Emirates,Open,Lucero Jackson Riconose,418.0,2300242.0,12/31/2023,2023-6-3 13-42-19,
2300242,2300242,12/31/2023,22310873.0,Sera Beauty Lounge,14980.0,13880.0,694.0,14574.0,Business Central Tower Media City Dubai United Arab Emriates,Business Central Tower Media City Dubai United Arab Emriates,Open,Ariel Abapo Naciogoyo,370.0,2300243.0,12/31/2023,2023-6-3 13-42-31,
2300243,2300243,12/23/2023,22310269.0,Flora Beauty Spa,42000.0,38520.0,1926.0,40446.0,Umm Ramool Rashidiya Dubai United Arab Emirates,Umm Ramool Rashidiya Dubai United Arab Emirates,Open,Franco Viola Parota,366.0,2300244.0,12/22/2023,2023-6-3 13-42-42,
2300244,2300244,12/10/2023,22310436.0,NADA Pharmacy,13720.0,11720.0,586.0,12306.0,Sharjah United Arab Emirates,Sharjah United Arab Emirates,Open,Michael Cadiang Manza,994.0,2300245.0,12/9/2023,2023-6-3 13-42-51,
2300245,2300245,12/12/2023,22310280.0,Gulf Beauty Salon - Abu Dhabi,40915.0,36000.0,1800.0,37800.0,Near Salam Furniture Old Airport Road Abu Dhabi United Arab Emirat,Near Salam Furniture Old Airport Road Abu Dhabi United Arab Emirat,Open,Jinu Ambadan Jose,709.0,2300246.0,12/11/2023,2023-6-3 13-43-8,
2300246,2300246,11/24/2023,22310286.0,Hamad Pharmacy,13440.0,12780.0,639.0,13419.0,Al Wasit Street Al Shaba Sharjah United Arab Emirates,Al Wasit Street Al Shaba Sharjah United Arab Emirates,Open,Ariel Abapo Naciogoyo,370.0,2300247.0,11/23/2023,2023-6-3 13-43-20,
2300247,2300247,12/30/2023,22310916.0,Alexandria Pharmacy,79200.0,72000.0,3600.0,75600.0,Nahda 2 Dubai United Arab Emirates,Nahda 2 Dubai United Arab Emirates,Open,Tampos Antonio Magalona,415.0,2300248.0,12/30/2023,2023-6-3 13-43-32,
2300248,2300248,12/31/2023,22311027.0,Visage Pharmacy,119200.0,105500.0,5275.0,110775.0,Corniche Road Abudhabi,Corniche Road Abudhabi,Open,Sanjay Kumar Mandal,329.0,2300249.0,12/30/2023,2023-6-3 13-43-42,
2300249,2300249,12/31/2023,22311066.0,American European Medical Center,19600.0,17000.0,850.0,17850.0,American European Medical Center-Abudhabi,American European Medical Center-Abudhabi,Open,Allen Madrid Gomez,598.0,2300250.0,12/30/2023,2023-6-3 13-43-54,
2300250,2300250,12/28/2023,22310888.0,Heavenly Spa,63000.0,55000.0,2750.0,57750.0,Dora Bay G Level Opposite Sheraton - JBR Dubai United Arab Emirate,Dora Bay G Level Opposite Sheraton - JBR Dubai United Arab Emirate,Open,Tampos Antonio Magalona,415.0,2300251.0,12/27/2023,2023-6-3 13-44-4,
2300251,2300251,12/30/2023,22311052.0,Top Medical Group,10500.0,10150.0,508.0,10658.0,Dubai,Dubai,Open,Lucero Jackson Riconose,418.0,2300253.0,12/30/2023,2023-6-3 13-44-16,
2300252,2300252,12/31/2023,22311134.0,Al Dar Medical Center,190400.0,166000.0,8300.0,174300.0,FujirahkhorfkanCornish area,FujirahkhorfkanCornish area,Open,Jinu Ambadan Jose,709.0,2300252.0,12/31/2023,2023-6-3 13-44-25,
2300253,2300253,12/26/2023,22311242.0,ICON CLINIC LLC,118400.0,105000.0,5250.0,110250.0,Dr. Abeer Sawwaf Abudhabi,Dr. Abeer Sawwaf Abudhabi,Open,Dev Kumar Rai,894.0,2300254.0,12/25/2023,2023-6-3 13-44-40,
2300254,2300254,12/13/2023,22310341.0,Kaya Trading,9380.0,7180.0,359.0,7539.0,"LEASED OFFICE BLDG 13 OFFICE, HAMRIYAH FREE ZONE-SHARJAH, UNITED ARAB EMIRATES.","LEASED OFFICE BLDG 13 OFFICE, HAMRIYAH FREE ZONE-SHARJAH, UNITED ARAB EMIRATES.",Open,Dev Kumar Rai,894.0,2300255.0,12/8/2023,2023-6-3 13-44-54,
2300255,2300255,12/30/2023,22311664.0,Unicare Clinic,40915.0,35275.0,1764.0,37039.0,23 North Wing BurJuman Centre Sheik Khalifa Bin,23 North Wing BurJuman Centre Sheik Khalifa Bin,Open,Michael Cadiang Manza,994.0,2300256.0,12/29/2023,2023-6-3 13-45-4,
2300256,2300256,12/27/2023,22311663.0,Zulekha Hospital LLC,81900.0,78000.0,3900.0,81900.0,"Al Qusais road,","Al Qusais road,",Open,Raj Kumar Giri,981.0,2300257.0,12/26/2023,2023-6-3 13-45-17,
2300257,2300257,12/23/2023,22311863.0,Beverly Hills Speciality Center LLC,21700.0,18000.0,900.0,18900.0,"Al walid Khalid Bin Khadim Bldg,","Al walid Khalid Bin Khadim Bldg,",Open,Joyson Joseph Kalaparambath,1098.0,2300258.0,12/22/2023,2023-6-3 13-45-30,
2300258,2300258,12/9/2023,22310439.0,NAS Medical,4200.0,3900.0,195.0,4095.0,Dubai United Arab Emirates,Dubai United Arab Emirates,Open,Jalil Khadim Hussain,1008.0,2300259.0,12/8/2023,2023-6-3 13-45-42,
2300259,2300259,12/11/2023,22310802.0,Elite Medical Centre,66080.0,56000.0,2800.0,58800.0,Jumeirah 1 Beach Road Dubai United Arab Emirates,Jumeirah 1 Beach Road Dubai United Arab Emirates,Open,Franco Viola Parota,366.0,2300260.0,12/10/2023,2023-6-3 13-45-53,
2300260,2300260,11/26/2023,22310646.0,American Hospital Dubai LLC,103600.0,98880.0,4944.0,103824.0,Oud Metha Road Besides Our Own Model School Bur Dubai Dubai Unite,Oud Metha Road Besides Our Own Model School Bur Dubai Dubai Unite,Open,Franco Viola Parota,366.0,2300261.0,11/25/2023,2023-6-3 13-46-7,
2300261,2300261,11/28/2023,22310298.0,HANI Pharmacy Abu Dhabi,42700.0,38000.0,1900.0,39900.0,Hamdah Street Near Standard Chartered Bank Abu Dhabi,Hamdah Street Near Standard Chartered Bank Abu Dhabi,Open,Dev Kumar Rai,894.0,2300262.0,11/27/2023,2023-6-3 13-46-18,
2300262,2300262,12/1/2023,22310580.0,Al Qaser Medical Center,24500.0,18500.0,925.0,19425.0,Next to Millenium Hotel Al Buhairah Sharjah United Arab Emirates,Next to Millenium Hotel Al Buhairah Sharjah United Arab Emirates,Open,Joyson Joseph Kalaparambath,1098.0,2300263.0,11/30/2023,2023-6-3 13-46-31,
2300263,2300263,11/30/2023,22310359.0,Life Pharmacy LLC,79200.0,72000.0,3600.0,75600.0,Mall of Emirates bridge turn left towards Lulu Hypermarket  left side,Mall of Emirates bridge turn left towards Lulu Hypermarket  left side,Open,Raj Kumar Giri,981.0,2300264.0,11/28/2023,2023-6-3 13-46-45,
2300264,2300264,12/28/2023,22310807.0,Aesthetica Clinic LLC,18900.0,18240.0,912.0,19152.0,Al Hamrain Center Dubai United Arab Emirates,Al Hamrain Center Dubai United Arab Emirates,Open,Allen Joseph Anora,365.0,2300265.0,12/27/2023,2023-6-3 13-46-56,
2300265,2300265,12/31/2023,22311809.0,Carmen Beauty Salon,11340.0,11000.0,550.0,11550.0,"khalidiya street,","khalidiya street,",Open,Michael Cadiang Manza,994.0,2300266.0,12/30/2023,2023-6-3 13-47-7,
2300277,2300277,2023-06-07,22310029.0,Al Jameya Pharmacy,209230.0,206091.0,8805.0,214896.0,Union Cooperative Society  Ghusais,Test Quotation 2300271,Open,Sanjay Kumar Kumar,329.0,2300269.0,2023-06-07,2023-6-8 6-35-32,Edited
