id,qotRef,qotDat,cusCode,cusName,qotTBD,qotTAD,qotTax,qotTAT,shipTo,qotComm,spCode,spCName,opnClo,traDate,action
2300000,2300000,,,,,,,,,,,,,,
2300001,2300001,1/2/2023,22310029.0,Al Jameya Pharmacy,51415.0,45400.0,2270.0,47670.0,Union Cooperative Society  Ghusais,Microneedling RF and RF Fractional Laser to Al Jameya Pharmacy,365.0,Allen Joseph Anora,Open,2023-5-28 2-54-35,
2300002,2300002,1/11/2023,22310097.0,Sahar Pharmacy,10500.0,9980.0,499.0,10479.0,Qasimia - behind Al Dewan Al Amere Sharjah United Arab Emirates,RF Fractional CO2 Laser Handpiece and Accessories to Sahar Pharmacy,415.0,Tampos Antonio Magalona,Open,2023-5-28 2-56-52,
2300003,2300003,1/4/2023,22310055.0,Al Noor Pharmacy,89600.0,86400.0,4320.0,90720.0,Mina,RF Fractional CO2 Laser and Handpiece to Al Noor Pharmacy,366.0,Franco Viola Parota,Open,2023-5-28 2-58-28,
2300004,2300004,1/4/2023,22310029.0,Al Jameya Pharmacy,57400.0,55645.0,2782.0,58427.0,Union Cooperative Society  Ghusais,Deod Leaserto Al Jameya Pharmacy,370.0,Ariel Abapo Naciogoyo,Open,2023-5-28 3-0-34,
2300005,2300005,1/5/2023,22310093.0,Women's Medical Center (Dr. Ameena),36190.0,33075.0,1654.0,34729.0,1st Floor Office No. 7 Al Mamzar Center Near Al Mulla Plaza Dubai,Microneedling RF and HandPiece to Women's Medical Center (Dr. Ameena),370.0,Ariel Abapo Naciogoyo,Open,2023-5-28 3-2-26,
2300006,2300006,1/23/2023,22310093.0,Women's Medical Center (Dr. Ameena),4060.0,3600.0,180.0,3780.0,1st Floor Office No. 7 Al Mamzar Center Near Al Mulla Plaza Dubai,VTA Radio Hand Pice 4 and 5 Women's Medical Center (Dr. Ameena),417.0,Jaime  Endaya,Open,2023-5-28 3-4-40,
2300007,2300007,1/23/2023,22310097.0,Sahar Pharmacy,31640.0,27910.0,1396.0,29306.0,Qasimia - behind Al Dewan Al Amere Sharjah United Arab Emirates,SVTA Radio and Hand Pice 7 & 8 Sahar Pharmacy,365.0,Allen Joseph Anora,Open,2023-5-28 3-7-55,
2300008,2300008,1/29/2023,22310102.0,Health &amp; Aesthetic Medical Center,26880.0,23400.0,1170.0,24570.0,Buheira Corniche - Sharjah United Arab Emirates,SVTA Radio and Hand Piece to Health &amp; Aesthetic Medical Center,417.0,Jaime  Endaya,Open,2023-5-28 3-14-18,
2300009,2300009,1/29/2023,22310131.0,Ali Bin Ali Medical,13300.0,11000.0,550.0,11550.0,Doha Qatar,RF Fractional CO2 Laser - Handpiece to Ali Bin Ali Medical,418.0,Lucero Jackson Riconose,Open,2023-5-28 3-16-53,
2300010,2300010,1/19/2023,22310131.0,Ali Bin Ali Medical,38500.0,33800.0,1690.0,35490.0,Doha Qatar,Crio Lipo & DeodLeaser Hand Piece to Ali Bin Ali Medical,329.0,Sanjay Kumar Mandal,Open,2023-5-28 3-19-16,
2300011,2300011,1/5/2023,22310131.0,Ali Bin Ali Medical,32760.0,31470.0,1574.0,33044.0,Doha Qatar,"SVTA Radio and Hand Pice 1, 2, 3 , 4, 5 to Ali Bin Ali Medical",1008.0,Jalil Khadim Hussain,Open,2023-5-28 3-22-7,
2300012,2300012,1/9/2023,22310133.0,Al Samnan Clinic,18200.0,15560.0,778.0,16338.0,Al Wasit Street Samnan Sharjah United Arab Emirates,Deod Leaser and G5 Slimming Applicators to Al Samnan Clinic,598.0,Allen Madrid Gomez,Open,2023-5-28 3-24-49,
2300013,2300013,1/30/2023,22310133.0,Al Samnan Clinic,42000.0,38520.0,1926.0,40446.0,Al Wasit Street Samnan Sharjah United Arab Emirates,Hydra-new and Jumia to Al Samnan Clinic,366.0,Franco Viola Parota,Open,2023-5-28 3-27-6,
2300014,2300014,1/30/2023,22310182.0,Spaces Spa Center,40915.0,36000.0,1800.0,37800.0,Oasis Center Dubai United Arab Emirates,Microneedling RF & HandPiece to Spaces Spa Center,709.0,Jinu Ambadan Jose,Open,2023-5-28 3-28-36,
2300015,2300015,1/12/2023,22310182.0,Spaces Spa Center,5460.0,4800.0,240.0,5040.0,Oasis Center Dubai United Arab Emirates,SVTA Radio Hand Pice 1 to Spaces Spa Center,370.0,Ariel Abapo Naciogoyo,Open,2023-5-28 3-31-43,
2300016,2300016,1/26/2023,22310200.0,German Clinic FZ LLC,42700.0,38000.0,1900.0,39900.0,Al Razi Bldg.#64 District 1 block A 2nd floor 2008 - DHCC Dubai U,Crio Lipo and DeodLeaser Hand Piece to German Clinic FZ LLC,894.0,Dev Kumar Rai,Open,2023-5-28 3-34-17,
2300017,2300017,1/26/2023,22310200.0,German Clinic FZ LLC,7700.0,5500.0,275.0,5775.0,Al Razi Bldg.#64 District 1 block A 2nd floor 2008 - DHCC Dubai U,SVTA Radio Hand Pice 3 & 4,894.0,Dev Kumar Rai,Open,2023-5-28 3-35-36,
2300018,2300018,1/26/2023,22310207.0,Delta Pharmacy,79200.0,72000.0,3600.0,75600.0,Sharjah United Arab Emirates,VCA Laser & VCA Leaser Hand Piece to Delta Pharmacy,981.0,Raj Kumar Giri,Open,2023-5-28 3-37-17,
2300019,2300019,1/26/2023,22310210.0,Al Burg Clinic,7000.0,5000.0,250.0,5250.0,Entrance 3  1st Floor Al Mazaya Center Dubai United Arab Emirates,SVTA Radio Hand Pice 5 & 6 to Al Burg Clinic,994.0,Michael Cadiang Manza,Open,2023-5-28 3-38-42,
2300020,2300020,1/26/2023,22310252.0,Faith Pharmacy,4200.0,3900.0,195.0,4095.0,Naif Road Near Al Futtaim Mosque Deira Dubai United Arab Emirates,DeodLeaser Hand Piece to Faith Pharmacy,1008.0,Jalil Khadim Hussain,Open,2023-5-28 3-40-43,
2300021,2300021,1/26/2023,22310269.0,Flora Beauty Spa,49000.0,43000.0,2150.0,45150.0,Umm Ramool Rashidiya Dubai United Arab Emirates,Caviation Laser to Flora Beauty Spa,1098.0,Joyson Joseph Kalaparambath,Open,2023-5-28 3-42-10,
2300022,2300022,1/15/2023,22310269.0,Flora Beauty Spa,89600.0,84880.0,4244.0,89124.0,Umm Ramool Rashidiya Dubai United Arab Emirates,SVTA Radio & VCA Laser to Flora Beauty Spa,366.0,Franco Viola Parota,Open,2023-5-28 3-45-5,
2300023,2300023,1/15/2023,22310280.0,Gulf Beauty Salon - Abu Dhabi,145600.0,136000.0,6800.0,142800.0,Near Salam Furniture Old Airport Road Abu Dhabi United Arab Emirat,G5 Slimming & Hiemt A to Gulf Beauty Salon - Abu Dhabi,1138.0,Jessie Tolntion Matitu,Open,2023-5-28 3-48-11,
2300024,2300024,1/26/2023,22310439.0,NAS Medical,119000.0,98000.0,4900.0,102900.0,Dubai United Arab Emirates,Hydra Fresh,370.0,Ariel Abapo Naciogoyo,Open,2023-5-28 3-50-31,
2300025,2300025,2/6/2023,22310029.0,Al Jameya Pharmacy,19600.0,15900.0,795.0,16695.0,Union Cooperative Society  Ghusais,DeodLeaser & DeodLeaser Hand Piece to Al Jameya Pharmacy,365.0,Allen Joseph Anora,Open,2023-5-28 3-57-53,
2300026,2300026,2/22/2023,22310029.0,Al Jameya Pharmacy,64400.0,59000.0,2950.0,61950.0,Union Cooperative Society  Ghusais,Jumia and Konmision to Al Jameya Pharmacy,418.0,Lucero Jackson Riconose,Open,2023-5-28 3-59-12,
2300027,2300027,2/5/2023,22310055.0,Al Noor Pharmacy,66080.0,56000.0,2800.0,58800.0,Mina,Portable Diode Laser Hair Removal Equipment to Al Noor Pharmacy,366.0,Franco Viola Parota,Open,2023-5-28 4-0-22,
2300028,2300028,2/27/2023,22310055.0,Al Noor Pharmacy,5460.0,4800.0,240.0,5040.0,Mina,SVTA Radio Hand Pice 1 to Al Noor Pharmacy,365.0,Allen Joseph Anora,Open,2023-5-28 4-1-44,
2300029,2300029,2/27/2023,22310093.0,Women's Medical Center (Dr. Ameena),11760.0,11000.0,550.0,11550.0,1st Floor Office No. 7 Al Mamzar Center Near Al Mulla Plaza Dubai,SPA Slim & SVTA Radio Hand Pice 1 to Women's Medical Center (Dr. Ameena),370.0,Ariel Abapo Naciogoyo,Open,2023-5-28 4-3-31,
2300030,2300030,2/27/2023,22310093.0,Women's Medical Center (Dr. Ameena),7700.0,6600.0,330.0,6930.0,1st Floor Office No. 7 Al Mamzar Center Near Al Mulla Plaza Dubai,SVTA Radio Hand Pice 3 & 4 to Women's Medical Center (Dr. Ameena),370.0,Ariel Abapo Naciogoyo,Open,2023-5-28 4-5-2,
2300031,2300031,2/15/2023,22310097.0,Sahar Pharmacy,63000.0,55000.0,2750.0,57750.0,Qasimia - behind Al Dewan Al Amere Sharjah United Arab Emirates,Mickcara & My Ultrasonic to Sahar Pharmacy,415.0,Tampos Antonio Magalona,Open,2023-5-28 4-6-20,
2300032,2300032,2/26/2023,22310097.0,Sahar Pharmacy,79200.0,72000.0,3600.0,75600.0,Qasimia - behind Al Dewan Al Amere Sharjah United Arab Emirates,VCA Laser & VCA Leaser Hand Piece to Sahar Pharmacy,415.0,Tampos Antonio Magalona,Open,2023-5-28 4-7-27,
2300033,2300033,2/26/2023,22310102.0,Health &amp; Aesthetic Medical Center,119200.0,105500.0,5275.0,110775.0,Buheira Corniche - Sharjah United Arab Emirates,VCA Laser & VCA Leaser Hand Piece to Health &amp; Aesthetic Medical Center,329.0,Sanjay Kumar Mandal,Open,2023-5-28 4-8-58,
2300034,2300034,2/26/2023,22310131.0,Ali Bin Ali Medical,4200.0,3850.0,193.0,4043.0,Doha Qatar,DeodLeaser Hand Piece to Ali Bin Ali Medical,418.0,Lucero Jackson Riconose,Open,2023-5-28 4-10-39,
2300035,2300035,2/26/2023,22310133.0,Al Samnan Clinic,19600.0,17000.0,850.0,17850.0,Al Wasit Street Samnan Sharjah United Arab Emirates,My Ultrasonic to Al Samnan Clinic,598.0,Allen Madrid Gomez,Open,2023-5-28 4-11-47,
2300036,2300036,2/26/2023,22310182.0,Spaces Spa Center,190400.0,166000.0,8300.0,174300.0,Oasis Center Dubai United Arab Emirates,Hydra Fresh & Hydra-new & Jumia to Spaces Spa Center,709.0,Jinu Ambadan Jose,Open,2023-5-28 4-14-33,
2300037,2300037,2/26/2023,22310200.0,German Clinic FZ LLC,66500.0,57050.0,2853.0,59903.0,Al Razi Bldg.#64 District 1 block A 2nd floor 2008 - DHCC Dubai U,Caviation Laser & Crio Lipo to German Clinic FZ LLC,894.0,Dev Kumar Rai,Open,2023-5-28 4-16-36,
2300038,2300038,2/14/2023,22310200.0,German Clinic FZ LLC,118400.0,105000.0,5250.0,110250.0,Al Razi Bldg.#64 District 1 block A 2nd floor 2008 - DHCC Dubai U,VCA Laser to VCA Leaser Hand Piece to German Clinic FZ LLC,894.0,Dev Kumar Rai,Open,2023-5-28 4-17-42,
2300039,2300039,2/14/2023,22310207.0,Delta Pharmacy,81900.0,78000.0,3900.0,81900.0,Sharjah United Arab Emirates,RF Fractional CO2 Laser to Delta Pharmacy,981.0,Raj Kumar Giri,Open,2023-5-28 4-18-43,
2300040,2300040,2/25/2023,22310210.0,Al Burg Clinic,45640.0,40000.0,2000.0,42000.0,Entrance 3  1st Floor Al Mazaya Center Dubai United Arab Emirates,Microneedling RF & Microneedling RF - HandPiece to Al Burg Clinic,994.0,Michael Cadiang Manza,Open,2023-5-28 4-20-19,
2300041,2300041,2/25/2023,22310210.0,Al Burg Clinic,4060.0,3720.0,186.0,3906.0,Entrance 3  1st Floor Al Mazaya Center Dubai United Arab Emirates,SVTA Radio Hand Pice 4 & 5,994.0,Michael Cadiang Manza,Open,2023-5-28 4-21-16,
2300042,2300042,2/11/2023,22310252.0,Faith Pharmacy,6440.0,5050.0,253.0,5303.0,Naif Road Near Al Futtaim Mosque Deira Dubai United Arab Emirates,SVTA Radio Hand Pice 7 & 8 to Faith Pharmacy,1008.0,Jalil Khadim Hussain,Open,2023-5-28 4-22-29,
2300043,2300043,2/11/2023,22310269.0,Flora Beauty Spa,17500.0,13800.0,690.0,14490.0,Umm Ramool Rashidiya Dubai United Arab Emirates,DeodLeaser & DeodLeaser Hand Piece to Flora Beauty Spa,1098.0,Joyson Joseph Kalaparambath,Open,2023-5-28 4-23-58,
2300044,2300044,2/14/2023,22310280.0,Gulf Beauty Salon - Abu Dhabi,18200.0,15000.0,750.0,15750.0,Near Salam Furniture Old Airport Road Abu Dhabi United Arab Emirat,My Ultrasonic & SPA Slim to Gulf Beauty Salon - Abu Dhabi,1138.0,Jessie Tolntion Matitu,Open,2023-5-28 4-25-20,
2300045,2300045,2/14/2023,22310280.0,Gulf Beauty Salon - Abu Dhabi,35980.0,27980.0,1399.0,29379.0,Near Salam Furniture Old Airport Road Abu Dhabi United Arab Emirat,SVTA Radio and hand piece to  Gulf Beauty Salon - Abu Dhabi,1138.0,Jessie Tolntion Matitu,Open,2023-5-28 4-26-49,
2300047,2300047,3/3/2023,22310029.0,Al Jameya Pharmacy,95305.0,89290.0,4465.0,93755.0,Union Cooperative Society  Ghusais,Union Cooperative Society  Ghusais,365.0,Allen Joseph Anora,Open,2023-5-28 2-54-35,
2300048,2300048,3/12/2023,22310055.0,Al Noor Pharmacy,19600.0,19080.0,954.0,20034.0,Mina,Mina,415.0,Tampos Antonio Magalona,Open,2023-5-28 2-56-52,
2300049,2300049,3/5/2023,22310093.0,Women's Medical Center (Dr. Ameena),171500.0,168300.0,8415.0,176715.0,1st Floor Office No. 7 Al Mamzar Center Near Al Mulla Plaza Dubai,1st Floor Office No. 7 Al Mamzar Center Near Al Mulla Plaza Dubai,366.0,Franco Viola Parota,Open,2023-5-28 2-58-28,
2300050,2300050,3/5/2023,22310097.0,Sahar Pharmacy,60200.0,58445.0,2922.0,61367.0,Qasimia - behind Al Dewan Al Amere Sharjah United Arab Emirates,Qasimia - behind Al Dewan Al Amere Sharjah United Arab Emirates,370.0,Ariel Abapo Naciogoyo,Open,2023-5-28 3-0-34,
2300051,2300051,3/6/2023,22310102.0,Health & Aesthetic Medical Center,40915.0,37800.0,1890.0,39690.0,Buheira Corniche - Sharjah United Arab Emirates,Buheira Corniche - Sharjah United Arab Emirates,370.0,Ariel Abapo Naciogoyo,Open,2023-5-28 3-2-26,
2300052,2300052,3/24/2023,22310131.0,Ali Bin Ali Medical,12180.0,11720.0,586.0,12306.0,Doha Qatar,Doha Qatar,417.0,Jaime  Endaya,Open,2023-5-28 3-4-40,
2300053,2300053,3/24/2023,22310133.0,Al Samnan Clinic,57120.0,53390.0,2670.0,56060.0,Al Wasit Street Samnan Sharjah United Arab Emirates,Al Wasit Street Samnan Sharjah United Arab Emirates,365.0,Allen Joseph Anora,Open,2023-5-28 3-7-55,
2300054,2300054,3/30/2023,22310182.0,Spaces Spa Center,30240.0,26760.0,1338.0,28098.0,Oasis Center Dubai United Arab Emirates,Oasis Center Dubai United Arab Emirates,417.0,Jaime  Endaya,Open,2023-5-28 3-14-18,
2300055,2300055,3/30/2023,22310200.0,German Clinic FZ LLC,22400.0,20100.0,1005.0,21105.0,Al Razi Bldg.#64 District 1 block A 2nd floor 2008 - DHCC Dubai U,Al Razi Bldg.#64 District 1 block A 2nd floor 2008 - DHCC Dubai U,418.0,Lucero Jackson Riconose,Open,2023-5-28 3-16-53,
2300056,2300056,3/20/2023,22310207.0,Delta Pharmacy,42700.0,38000.0,1900.0,39900.0,Sharjah United Arab Emirates,Sharjah United Arab Emirates,329.0,Sanjay Kumar Mandal,Open,2023-5-28 3-19-16,
2300057,2300057,3/6/2023,22310210.0,Al Burg Clinic,34580.0,33290.0,1665.0,34955.0,Entrance 3  1st Floor Al Mazaya Center Dubai United Arab Emirates,Entrance 3  1st Floor Al Mazaya Center Dubai United Arab Emirates,1008.0,Jalil Khadim Hussain,Open,2023-5-28 3-22-7,
2300058,2300058,3/10/2023,22310252.0,Faith Pharmacy,18200.0,15560.0,778.0,16338.0,Naif Road Near Al Futtaim Mosque Deira Dubai United Arab Emirates,Naif Road Near Al Futtaim Mosque Deira Dubai United Arab Emirates,598.0,Allen Madrid Gomez,Open,2023-5-28 3-24-49,
2300059,2300059,3/31/2023,22310269.0,Flora Beauty Spa,42000.0,38520.0,1926.0,40446.0,Umm Ramool Rashidiya Dubai United Arab Emirates,Umm Ramool Rashidiya Dubai United Arab Emirates,366.0,Franco Viola Parota,Open,2023-5-28 3-27-6,
2300060,2300060,3/31/2023,22310280.0,Gulf Beauty Salon - Abu Dhabi,36190.0,31275.0,1564.0,32839.0,Near Salam Furniture Old Airport Road Abu Dhabi United Arab Emirat,Near Salam Furniture Old Airport Road Abu Dhabi United Arab Emirat,709.0,Jinu Ambadan Jose,Open,2023-5-28 3-28-36,
2300061,2300061,3/13/2023,22310286.0,Hamad Pharmacy,5880.0,5220.0,261.0,5481.0,Al Wasit Street Al Shaba Sharjah United Arab Emirates,Al Wasit Street Al Shaba Sharjah United Arab Emirates,370.0,Ariel Abapo Naciogoyo,Open,2023-5-28 3-31-43,
2300062,2300062,3/27/2023,22310298.0,HANI Pharmacy Abu Dhabi,40600.0,35900.0,1795.0,37695.0,Hamdah Street Near Standard Chartered Bank Abu Dhabi,Hamdah Street Near Standard Chartered Bank Abu Dhabi,894.0,Dev Kumar Rai,Open,2023-5-28 3-34-17,
2300063,2300063,3/27/2023,22310341.0,Kaya Trading,5600.0,3400.0,170.0,3570.0,"LEASED OFFICE BLDG 13 OFFICE, HAMRIYAH FREE ZONE-SHARJAH, UNITED ARAB EMIRATES.","LEASED OFFICE BLDG 13 OFFICE, HAMRIYAH FREE ZONE-SHARJAH, UNITED ARAB EMIRATES.",894.0,Dev Kumar Rai,Open,2023-5-28 3-35-36,
2300064,2300064,3/27/2023,22310359.0,Life Pharmacy LLC,79200.0,72000.0,3600.0,75600.0,Mall of Emirates bridge turn left towards Lulu Hypermarket  left side,Mall of Emirates bridge turn left towards Lulu Hypermarket  left side,981.0,Raj Kumar Giri,Open,2023-5-28 3-37-17,
2300065,2300065,3/27/2023,22310436.0,NADA Pharmacy,6860.0,4860.0,243.0,5103.0,Sharjah United Arab Emirates,Sharjah United Arab Emirates,994.0,Michael Cadiang Manza,Open,2023-5-28 3-38-42,
2300066,2300066,3/27/2023,22310439.0,NAS Medical,2100.0,1800.0,90.0,1890.0,Dubai United Arab Emirates,Dubai United Arab Emirates,1008.0,Jalil Khadim Hussain,Open,2023-5-28 3-40-43,
2300067,2300067,3/27/2023,22310580.0,Al Qaser Medical Center,24500.0,18500.0,925.0,19425.0,Next to Millenium Hotel Al Buhairah Sharjah United Arab Emirates,Next to Millenium Hotel Al Buhairah Sharjah United Arab Emirates,1098.0,Joyson Joseph Kalaparambath,Open,2023-5-28 3-42-10,
2300068,2300068,3/16/2023,22310646.0,American Hospital Dubai LLC,103600.0,98880.0,4944.0,103824.0,Oud Metha Road Besides Our Own Model School Bur Dubai Dubai Unite,Oud Metha Road Besides Our Own Model School Bur Dubai Dubai Unite,366.0,Franco Viola Parota,Open,2023-5-28 3-45-5,
2300069,2300069,3/16/2023,22310701.0,Grace Medical Centre,142800.0,133200.0,6660.0,139860.0,26th street Abu Dhabi United Arab Emirates,26th street Abu Dhabi United Arab Emirates,1138.0,Jessie Tolntion Matitu,Open,2023-5-28 3-48-11,
2300070,2300070,3/27/2023,22310747.0,Marjan Beauty Saloon JLT,109200.0,88200.0,4410.0,92610.0,Shop# 6 Saba Tower 1 Jumeirah Lakes Towers Dubai United Arab Emir,Shop# 6 Saba Tower 1 Jumeirah Lakes Towers Dubai United Arab Emir,370.0,Ariel Abapo Naciogoyo,Open,2023-5-28 3-50-31,
2300071,2300071,4/7/2023,22310776.0,Mafraq Hospital,21700.0,18000.0,900.0,18900.0,P.O. 2951 Abu Dhabi - United Arab Emirates,P.O. 2951 Abu Dhabi - United Arab Emirates,365.0,Allen Joseph Anora,Open,2023-5-28 3-57-53,
2300072,2300072,4/23/2023,22310789.0,Al Sharq Hospital,64400.0,59000.0,2950.0,61950.0,Fujairah United Arab Emirates,Fujairah United Arab Emirates,418.0,Lucero Jackson Riconose,Open,2023-5-28 3-59-12,
2300073,2300073,4/6/2023,22310802.0,Elite Medical Centre,59780.0,49700.0,2485.0,52185.0,Jumeirah 1 Beach Road Dubai United Arab Emirates,Jumeirah 1 Beach Road Dubai United Arab Emirates,366.0,Franco Viola Parota,Open,2023-5-28 4-0-22,
2300074,2300074,4/28/2023,22310807.0,Aesthetica Clinic LLC,13020.0,12360.0,618.0,12978.0,Al Hamrain Center Dubai United Arab Emirates,Al Hamrain Center Dubai United Arab Emirates,365.0,Allen Joseph Anora,Open,2023-5-28 4-1-44,
2300075,2300075,4/28/2023,22310827.0,Al Soor Pharmacy LLC,13440.0,12680.0,634.0,13314.0,Al Soor Area opposite King Faisal Area Mosque Sharjah United Arab E,Al Soor Area opposite King Faisal Area Mosque Sharjah United Arab E,370.0,Ariel Abapo Naciogoyo,Open,2023-5-28 4-3-31,
2300076,2300076,4/28/2023,22310873.0,Sera Beauty Lounge,7560.0,6460.0,323.0,6783.0,Business Central Tower Media City Dubai United Arab Emriates,Business Central Tower Media City Dubai United Arab Emriates,370.0,Ariel Abapo Naciogoyo,Open,2023-5-28 4-5-2,
2300077,2300077,4/16/2023,22310888.0,Heavenly Spa,53200.0,45200.0,2260.0,47460.0,Dora Bay G Level Opposite Sheraton - JBR Dubai United Arab Emirate,Dora Bay G Level Opposite Sheraton - JBR Dubai United Arab Emirate,415.0,Tampos Antonio Magalona,Open,2023-5-28 4-6-20,
2300078,2300078,4/27/2023,22310916.0,Alexandria Pharmacy,79200.0,72000.0,3600.0,75600.0,Nahda 2 Dubai United Arab Emirates,Nahda 2 Dubai United Arab Emirates,415.0,Tampos Antonio Magalona,Open,2023-5-28 4-7-27,
2300079,2300079,4/27/2023,22311027.0,Visage Pharmacy,119200.0,105500.0,5275.0,110775.0,Corniche Road Abudhabi,Corniche Road Abudhabi,329.0,Sanjay Kumar Mandal,Open,2023-5-28 4-8-58,
2300080,2300080,4/27/2023,22311052.0,Top Medical Group,8400.0,8050.0,403.0,8453.0,Dubai,Dubai,418.0,Lucero Jackson Riconose,Open,2023-5-28 4-10-39,
2300081,2300081,4/27/2023,22311066.0,American European Medical Center,9800.0,7200.0,360.0,7560.0,American European Medical Center-Abudhabi,American European Medical Center-Abudhabi,598.0,Allen Madrid Gomez,Open,2023-5-28 4-11-47,
2300082,2300082,4/27/2023,22311134.0,Al Dar Medical Center,190400.0,166000.0,8300.0,174300.0,FujirahkhorfkanCornish area,FujirahkhorfkanCornish area,709.0,Jinu Ambadan Jose,Open,2023-5-28 4-14-33,
2300083,2300083,4/27/2023,22311163.0,Health Point Hospital LLC,72100.0,62650.0,3133.0,65783.0,Zayed Sports City Airportroad Abudhabi,Zayed Sports City Airportroad Abudhabi,894.0,Dev Kumar Rai,Open,2023-5-28 4-16-36,
2300084,2300084,4/15/2023,22311242.0,ICON CLINIC LLC,118400.0,105000.0,5250.0,110250.0,Dr. Abeer Sawwaf Abudhabi,Dr. Abeer Sawwaf Abudhabi,894.0,Dev Kumar Rai,Open,2023-5-28 4-17-42,
2300085,2300085,4/15/2023,22311663.0,Zulekha Hospital LLC,81900.0,78000.0,3900.0,81900.0,"Al Qusais road,","Al Qusais road,",981.0,Raj Kumar Giri,Open,2023-5-28 4-18-43,
2300086,2300086,4/26/2023,22311664.0,Unicare Clinic,50365.0,44725.0,2236.0,46961.0,23 North Wing BurJuman Centre Sheik Khalifa Bin,23 North Wing BurJuman Centre Sheik Khalifa Bin,994.0,Michael Cadiang Manza,Open,2023-5-28 4-20-19,
2300087,2300087,4/26/2023,22311809.0,Carmen Beauty Salon,8120.0,7780.0,389.0,8169.0,"khalidiya street,","khalidiya street,",994.0,Michael Cadiang Manza,Open,2023-5-28 4-21-16,
2300088,2300088,4/12/2023,22311852.0,Zaki Ladies Salon,9240.0,7850.0,393.0,8243.0,"Dubai Resort Shop 2, Anatara, The Palm","Dubai Resort Shop 2, Anatara, The Palm",1008.0,Jalil Khadim Hussain,Open,2023-5-28 4-22-29,
2300089,2300089,4/12/2023,22311863.0,Beverly Hills Speciality Center LLC,19600.0,15900.0,795.0,16695.0,"Al walid Khalid Bin Khadim Bldg,","Al walid Khalid Bin Khadim Bldg,",1098.0,Joyson Joseph Kalaparambath,Open,2023-5-28 4-23-58,
2300090,2300090,4/15/2023,22311988.0,Glamour Care Clinics LLC,28000.0,24800.0,1240.0,26040.0,"Villa 813, Jumeirah Beach Road,","Villa 813, Jumeirah Beach Road,",1138.0,Jessie Tolntion Matitu,Open,2023-5-28 4-25-20,
2300091,2300091,4/15/2023,22311998.0,Acacia Medical Center,55720.0,47720.0,2386.0,50106.0,"Villa No 15, Al Karamah Street","Villa No 15, Al Karamah Street",1138.0,Jessie Tolntion Matitu,Open,2023-5-28 4-26-49,
2300092,2300092,5/2/2023,22310029.0,Al Jameya Pharmacy,93905.0,87890.0,4395.0,92285.0,Union Cooperative Society  Ghusais,Microneedling RF and RF Fractional Laser to Al Jameya Pharmacy,365.0,Allen Joseph Anora,Open,2023-5-28 4-25-19,
2300093,2300093,5/11/2023,22310097.0,Sahar Pharmacy,16800.0,16280.0,814.0,17094.0,Qasimia - behind Al Dewan Al Amere Sharjah United Arab Emirates,RF Fractional CO2 Laser Handpiece and Accessories to Sahar Pharmacy,415.0,Tampos Antonio Magalona,Open,2023-5-28 4-25-21,
2300094,2300094,5/4/2023,22310055.0,Al Noor Pharmacy,97300.0,94100.0,4705.0,98805.0,Mina,RF Fractional CO2 Laser and Handpiece to Al Noor Pharmacy,366.0,Franco Viola Parota,Open,2023-5-28 4-25-23,
2300095,2300095,5/4/2023,22310029.0,Al Jameya Pharmacy,75600.0,73845.0,3692.0,77537.0,Union Cooperative Society  Ghusais,Deod Leaserto Al Jameya Pharmacy,370.0,Ariel Abapo Naciogoyo,Open,2023-5-28 4-25-25,
2300096,2300096,5/5/2023,22310093.0,Women's Medical Center (Dr. Ameena),40915.0,37800.0,1890.0,39690.0,1st Floor Office No. 7 Al Mamzar Center Near Al Mulla Plaza Dubai,Microneedling RF and HandPiece to Women's Medical Center (Dr. Ameena),370.0,Ariel Abapo Naciogoyo,Open,2023-5-28 4-25-27,
2300097,2300097,5/23/2023,22310093.0,Women's Medical Center (Dr. Ameena),5880.0,5420.0,271.0,5691.0,1st Floor Office No. 7 Al Mamzar Center Near Al Mulla Plaza Dubai,VTA Radio Hand Pice 4 and 5 Women's Medical Center (Dr. Ameena),417.0,Jaime  Endaya,Open,2023-5-28 4-25-29,
2300098,2300098,5/23/2023,22310097.0,Sahar Pharmacy,54320.0,50590.0,2530.0,53120.0,Qasimia - behind Al Dewan Al Amere Sharjah United Arab Emirates,SVTA Radio and Hand Pice 7 & 8 Sahar Pharmacy,365.0,Allen Joseph Anora,Open,2023-5-28 4-25-31,
2300099,2300099,5/29/2023,22310102.0,Health &amp; Aesthetic Medical Center,52080.0,48600.0,2430.0,51030.0,Buheira Corniche - Sharjah United Arab Emirates,SVTA Radio and Hand Piece to Health &amp; Aesthetic Medical Center,417.0,Jaime  Endaya,Open,2023-5-28 4-25-33,
2300100,2300100,5/29/2023,22310131.0,Ali Bin Ali Medical,9100.0,6800.0,340.0,7140.0,Doha Qatar,RF Fractional CO2 Laser - Handpiece to Ali Bin Ali Medical,418.0,Lucero Jackson Riconose,Open,2023-5-28 4-25-35,
2300101,2300101,5/19/2023,22310131.0,Ali Bin Ali Medical,40600.0,35900.0,1795.0,37695.0,Doha Qatar,Crio Lipo & DeodLeaser Hand Piece to Ali Bin Ali Medical,329.0,Sanjay Kumar Mandal,Open,2023-5-28 4-25-37,
2300102,2300102,5/5/2023,22310131.0,Ali Bin Ali Medical,38360.0,37070.0,1854.0,38924.0,Doha Qatar,"SVTA Radio and Hand Pice 1, 2, 3 , 4, 5 to Ali Bin Ali Medical",1008.0,Jalil Khadim Hussain,Open,2023-5-28 4-25-39,
2300103,2300103,5/9/2023,22310133.0,Al Samnan Clinic,21000.0,18360.0,918.0,19278.0,Al Wasit Street Samnan Sharjah United Arab Emirates,Deod Leaser and G5 Slimming Applicators to Al Samnan Clinic,598.0,Allen Madrid Gomez,Open,2023-5-28 4-25-41,
2300104,2300104,5/30/2023,22310133.0,Al Samnan Clinic,42000.0,38520.0,1926.0,40446.0,Al Wasit Street Samnan Sharjah United Arab Emirates,Hydra-new and Jumia to Al Samnan Clinic,366.0,Franco Viola Parota,Open,2023-5-28 4-25-43,
2300105,2300105,5/30/2023,22310182.0,Spaces Spa Center,36190.0,31275.0,1564.0,32839.0,Oasis Center Dubai United Arab Emirates,Microneedling RF & HandPiece to Spaces Spa Center,709.0,Jinu Ambadan Jose,Open,2023-5-28 4-25-45,
2300106,2300106,5/12/2023,22310182.0,Spaces Spa Center,5880.0,5220.0,261.0,5481.0,Oasis Center Dubai United Arab Emirates,SVTA Radio Hand Pice 1 to Spaces Spa Center,370.0,Ariel Abapo Naciogoyo,Open,2023-5-28 4-25-47,
2300107,2300107,5/26/2023,22310200.0,German Clinic FZ LLC,40600.0,35900.0,1795.0,37695.0,Al Razi Bldg.#64 District 1 block A 2nd floor 2008 - DHCC Dubai U,Crio Lipo and DeodLeaser Hand Piece to German Clinic FZ LLC,894.0,Dev Kumar Rai,Open,2023-5-28 4-25-49,
2300108,2300108,5/26/2023,22310200.0,German Clinic FZ LLC,5600.0,3400.0,170.0,3570.0,Al Razi Bldg.#64 District 1 block A 2nd floor 2008 - DHCC Dubai U,SVTA Radio Hand Pice 3 & 4,894.0,Dev Kumar Rai,Open,2023-5-28 4-25-51,
2300109,2300109,5/26/2023,22310207.0,Delta Pharmacy,79200.0,72000.0,3600.0,75600.0,Sharjah United Arab Emirates,VCA Laser & VCA Leaser Hand Piece to Delta Pharmacy,981.0,Raj Kumar Giri,Open,2023-5-28 4-25-53,
2300110,2300110,5/26/2023,22310210.0,Al Burg Clinic,9100.0,7100.0,355.0,7455.0,Entrance 3  1st Floor Al Mazaya Center Dubai United Arab Emirates,SVTA Radio Hand Pice 5 & 6 to Al Burg Clinic,994.0,Michael Cadiang Manza,Open,2023-5-28 4-25-55,
2300111,2300111,5/26/2023,22310252.0,Faith Pharmacy,2100.0,1800.0,90.0,1890.0,Naif Road Near Al Futtaim Mosque Deira Dubai United Arab Emirates,DeodLeaser Hand Piece to Faith Pharmacy,1008.0,Jalil Khadim Hussain,Open,2023-5-28 4-25-57,
2300112,2300112,5/26/2023,22310269.0,Flora Beauty Spa,24500.0,18500.0,925.0,19425.0,Umm Ramool Rashidiya Dubai United Arab Emirates,Caviation Laser to Flora Beauty Spa,1098.0,Joyson Joseph Kalaparambath,Open,2023-5-28 4-25-59,
2300113,2300113,5/15/2023,22310269.0,Flora Beauty Spa,103600.0,98880.0,4944.0,103824.0,Umm Ramool Rashidiya Dubai United Arab Emirates,SVTA Radio & VCA Laser to Flora Beauty Spa,366.0,Franco Viola Parota,Open,2023-5-28 4-26-1,
2300114,2300114,5/15/2023,22310280.0,Gulf Beauty Salon - Abu Dhabi,142800.0,133200.0,6660.0,139860.0,Near Salam Furniture Old Airport Road Abu Dhabi United Arab Emirat,G5 Slimming & Hiemt A to Gulf Beauty Salon - Abu Dhabi,1138.0,Jessie Tolntion Matitu,Open,2023-5-28 4-26-3,
2300115,2300115,5/26/2023,22310439.0,NAS Medical,109200.0,88200.0,4410.0,92610.0,Dubai United Arab Emirates,Hydra Fresh,370.0,Ariel Abapo Naciogoyo,Open,2023-5-28 4-26-5,
2300116,2300116,6/6/2023,22310029.0,Al Jameya Pharmacy,21700.0,18000.0,900.0,18900.0,Union Cooperative Society  Ghusais,DeodLeaser & DeodLeaser Hand Piece to Al Jameya Pharmacy,365.0,Allen Joseph Anora,Open,2023-5-28 4-26-7,
2300117,2300117,6/22/2023,22310029.0,Al Jameya Pharmacy,64400.0,59000.0,2950.0,61950.0,Union Cooperative Society  Ghusais,Jumia and Konmision to Al Jameya Pharmacy,418.0,Lucero Jackson Riconose,Open,2023-5-28 4-26-9,
2300118,2300118,6/5/2023,22310055.0,Al Noor Pharmacy,59780.0,49700.0,2485.0,52185.0,Mina,Portable Diode Laser Hair Removal Equipment to Al Noor Pharmacy,366.0,Franco Viola Parota,Open,2023-5-28 4-26-11,
2300119,2300119,6/27/2023,22310055.0,Al Noor Pharmacy,9240.0,8580.0,429.0,9009.0,Mina,SVTA Radio Hand Pice 1 to Al Noor Pharmacy,365.0,Allen Joseph Anora,Open,2023-5-28 4-26-13,
2300120,2300120,6/27/2023,22310093.0,Women's Medical Center (Dr. Ameena),13440.0,12680.0,634.0,13314.0,1st Floor Office No. 7 Al Mamzar Center Near Al Mulla Plaza Dubai,SPA Slim & SVTA Radio Hand Pice 1 to Women's Medical Center (Dr. Ameena),370.0,Ariel Abapo Naciogoyo,Open,2023-5-28 4-26-15,
2300121,2300121,6/27/2023,22310093.0,Women's Medical Center (Dr. Ameena),7560.0,6460.0,323.0,6783.0,1st Floor Office No. 7 Al Mamzar Center Near Al Mulla Plaza Dubai,SVTA Radio Hand Pice 3 & 4 to Women's Medical Center (Dr. Ameena),370.0,Ariel Abapo Naciogoyo,Open,2023-5-28 4-26-17,
2300122,2300122,6/15/2023,22310097.0,Sahar Pharmacy,53200.0,45200.0,2260.0,47460.0,Qasimia - behind Al Dewan Al Amere Sharjah United Arab Emirates,Mickcara & My Ultrasonic to Sahar Pharmacy,415.0,Tampos Antonio Magalona,Open,2023-5-28 4-26-19,
2300123,2300123,6/26/2023,22310097.0,Sahar Pharmacy,79200.0,72000.0,3600.0,75600.0,Qasimia - behind Al Dewan Al Amere Sharjah United Arab Emirates,VCA Laser & VCA Leaser Hand Piece to Sahar Pharmacy,415.0,Tampos Antonio Magalona,Open,2023-5-28 4-26-21,
2300124,2300124,6/26/2023,22310102.0,Health &amp; Aesthetic Medical Center,119200.0,105500.0,5275.0,110775.0,Buheira Corniche - Sharjah United Arab Emirates,VCA Laser & VCA Leaser Hand Piece to Health &amp; Aesthetic Medical Center,329.0,Sanjay Kumar Mandal,Open,2023-5-28 4-26-23,
2300125,2300125,6/26/2023,22310131.0,Ali Bin Ali Medical,6300.0,5950.0,298.0,6248.0,Doha Qatar,DeodLeaser Hand Piece to Ali Bin Ali Medical,418.0,Lucero Jackson Riconose,Open,2023-5-28 4-26-25,
2300126,2300126,6/26/2023,22310133.0,Al Samnan Clinic,9800.0,7200.0,360.0,7560.0,Al Wasit Street Samnan Sharjah United Arab Emirates,My Ultrasonic to Al Samnan Clinic,598.0,Allen Madrid Gomez,Open,2023-5-28 4-26-27,
2300127,2300127,6/26/2023,22310182.0,Spaces Spa Center,133000.0,108600.0,5430.0,114030.0,Oasis Center Dubai United Arab Emirates,Hydra Fresh & Hydra-new & Jumia to Spaces Spa Center,709.0,Jinu Ambadan Jose,Open,2023-5-28 4-26-29,
2300128,2300128,6/26/2023,22310200.0,German Clinic FZ LLC,69300.0,59850.0,2993.0,62843.0,Al Razi Bldg.#64 District 1 block A 2nd floor 2008 - DHCC Dubai U,Caviation Laser & Crio Lipo to German Clinic FZ LLC,894.0,Dev Kumar Rai,Open,2023-5-28 4-26-31,
2300129,2300129,6/14/2023,22310200.0,German Clinic FZ LLC,79200.0,65800.0,3290.0,69090.0,Al Razi Bldg.#64 District 1 block A 2nd floor 2008 - DHCC Dubai U,VCA Laser to VCA Leaser Hand Piece to German Clinic FZ LLC,894.0,Dev Kumar Rai,Open,2023-5-28 4-26-33,
2300130,2300130,6/14/2023,22310207.0,Delta Pharmacy,81900.0,78000.0,3900.0,81900.0,Sharjah United Arab Emirates,RF Fractional CO2 Laser to Delta Pharmacy,981.0,Raj Kumar Giri,Open,2023-5-28 4-26-35,
2300131,2300131,6/25/2023,22310210.0,Al Burg Clinic,67655.0,62015.0,3101.0,65116.0,Entrance 3  1st Floor Al Mazaya Center Dubai United Arab Emirates,Microneedling RF & Microneedling RF - HandPiece to Al Burg Clinic,994.0,Michael Cadiang Manza,Open,2023-5-28 4-26-37,
2300132,2300132,6/25/2023,22310210.0,Al Burg Clinic,9940.0,9600.0,480.0,10080.0,Entrance 3  1st Floor Al Mazaya Center Dubai United Arab Emirates,SVTA Radio Hand Pice 4 & 5,994.0,Michael Cadiang Manza,Open,2023-5-28 4-26-39,
2300133,2300133,6/11/2023,22310252.0,Faith Pharmacy,10360.0,8970.0,449.0,9419.0,Naif Road Near Al Futtaim Mosque Deira Dubai United Arab Emirates,SVTA Radio Hand Pice 7 & 8 to Faith Pharmacy,1008.0,Jalil Khadim Hussain,Open,2023-5-28 4-26-41,
2300134,2300134,6/11/2023,22310269.0,Flora Beauty Spa,35000.0,31300.0,1565.0,32865.0,Umm Ramool Rashidiya Dubai United Arab Emirates,DeodLeaser & DeodLeaser Hand Piece to Flora Beauty Spa,1098.0,Joyson Joseph Kalaparambath,Open,2023-5-28 4-26-43,
2300135,2300135,6/14/2023,22310280.0,Gulf Beauty Salon - Abu Dhabi,18200.0,15000.0,750.0,15750.0,Near Salam Furniture Old Airport Road Abu Dhabi United Arab Emirat,My Ultrasonic & SPA Slim to Gulf Beauty Salon - Abu Dhabi,1138.0,Jessie Tolntion Matitu,Open,2023-5-28 4-26-45,
2300136,2300136,6/14/2023,22310280.0,Gulf Beauty Salon - Abu Dhabi,71120.0,63120.0,3156.0,66276.0,Near Salam Furniture Old Airport Road Abu Dhabi United Arab Emirat,SVTA Radio and hand piece to  Gulf Beauty Salon - Abu Dhabi,1138.0,Jessie Tolntion Matitu,Open,2023-5-28 4-26-47,
2300137,2300137,7/1/2023,22310029.0,Al Jameya Pharmacy,63665.0,57650.0,2883.0,60533.0,Union Cooperative Society  Ghusais,Union Cooperative Society  Ghusais,365.0,Allen Joseph Anora,Open,2023-5-28 4-26-49,
2300138,2300138,7/10/2023,22310055.0,Al Noor Pharmacy,14700.0,14180.0,709.0,14889.0,Mina,Mina,415.0,Tampos Antonio Magalona,Open,2023-5-28 4-26-51,
2300139,2300139,7/3/2023,22310093.0,Women's Medical Center (Dr. Ameena),97300.0,94100.0,4705.0,98805.0,1st Floor Office No. 7 Al Mamzar Center Near Al Mulla Plaza Dubai,1st Floor Office No. 7 Al Mamzar Center Near Al Mulla Plaza Dubai,366.0,Franco Viola Parota,Open,2023-5-28 4-26-53,
2300140,2300140,7/3/2023,22310097.0,Sahar Pharmacy,65800.0,64045.0,3202.0,67247.0,Qasimia - behind Al Dewan Al Amere Sharjah United Arab Emirates,Qasimia - behind Al Dewan Al Amere Sharjah United Arab Emirates,370.0,Ariel Abapo Naciogoyo,Open,2023-5-28 4-26-55,
2300141,2300141,7/4/2023,22310102.0,Health & Aesthetic Medical Center,36190.0,33075.0,1654.0,34729.0,Buheira Corniche - Sharjah United Arab Emirates,Buheira Corniche - Sharjah United Arab Emirates,370.0,Ariel Abapo Naciogoyo,Open,2023-5-28 4-26-57,
2300142,2300142,7/22/2023,22310131.0,Ali Bin Ali Medical,18060.0,17600.0,880.0,18480.0,Doha Qatar,Doha Qatar,417.0,Jaime  Endaya,Open,2023-5-28 4-26-59,
2300143,2300143,7/22/2023,22310133.0,Al Samnan Clinic,35840.0,32110.0,1606.0,33716.0,Al Wasit Street Samnan Sharjah United Arab Emirates,Al Wasit Street Samnan Sharjah United Arab Emirates,365.0,Allen Joseph Anora,Open,2023-5-28 4-27-2,
2300144,2300144,7/28/2023,22310182.0,Spaces Spa Center,31920.0,28440.0,1422.0,29862.0,Oasis Center Dubai United Arab Emirates,Oasis Center Dubai United Arab Emirates,417.0,Jaime  Endaya,Open,2023-5-28 4-27-4,
2300145,2300145,7/28/2023,22310200.0,German Clinic FZ LLC,16100.0,13800.0,690.0,14490.0,Al Razi Bldg.#64 District 1 block A 2nd floor 2008 - DHCC Dubai U,Al Razi Bldg.#64 District 1 block A 2nd floor 2008 - DHCC Dubai U,418.0,Lucero Jackson Riconose,Open,2023-5-28 4-27-6,
2300146,2300146,7/18/2023,22310207.0,Delta Pharmacy,46900.0,42200.0,2110.0,44310.0,Sharjah United Arab Emirates,Sharjah United Arab Emirates,329.0,Sanjay Kumar Mandal,Open,2023-5-28 4-27-8,
2300147,2300147,7/4/2023,22310210.0,Al Burg Clinic,40180.0,38890.0,1945.0,40835.0,Entrance 3  1st Floor Al Mazaya Center Dubai United Arab Emirates,Entrance 3  1st Floor Al Mazaya Center Dubai United Arab Emirates,1008.0,Jalil Khadim Hussain,Open,2023-5-28 4-27-10,
2300148,2300148,7/8/2023,22310252.0,Faith Pharmacy,23800.0,21160.0,1058.0,22218.0,Naif Road Near Al Futtaim Mosque Deira Dubai United Arab Emirates,Naif Road Near Al Futtaim Mosque Deira Dubai United Arab Emirates,598.0,Allen Madrid Gomez,Open,2023-5-28 4-27-12,
2300149,2300149,7/29/2023,22310269.0,Flora Beauty Spa,58800.0,55320.0,2766.0,58086.0,Umm Ramool Rashidiya Dubai United Arab Emirates,Umm Ramool Rashidiya Dubai United Arab Emirates,366.0,Franco Viola Parota,Open,2023-5-28 4-27-14,
2300150,2300150,7/29/2023,22310280.0,Gulf Beauty Salon - Abu Dhabi,40915.0,36000.0,1800.0,37800.0,Near Salam Furniture Old Airport Road Abu Dhabi United Arab Emirat,Near Salam Furniture Old Airport Road Abu Dhabi United Arab Emirat,709.0,Jinu Ambadan Jose,Open,2023-5-28 4-27-16,
2300151,2300151,7/11/2023,22310286.0,Hamad Pharmacy,13440.0,12780.0,639.0,13419.0,Al Wasit Street Al Shaba Sharjah United Arab Emirates,Al Wasit Street Al Shaba Sharjah United Arab Emirates,370.0,Ariel Abapo Naciogoyo,Open,2023-5-28 4-27-18,
2300152,2300152,7/25/2023,22310298.0,HANI Pharmacy Abu Dhabi,42700.0,38000.0,1900.0,39900.0,Hamdah Street Near Standard Chartered Bank Abu Dhabi,Hamdah Street Near Standard Chartered Bank Abu Dhabi,894.0,Dev Kumar Rai,Open,2023-5-28 4-27-20,
2300153,2300153,7/25/2023,22310341.0,Kaya Trading,9380.0,7180.0,359.0,7539.0,"LEASED OFFICE BLDG 13 OFFICE, HAMRIYAH FREE ZONE-SHARJAH, UNITED ARAB EMIRATES.","LEASED OFFICE BLDG 13 OFFICE, HAMRIYAH FREE ZONE-SHARJAH, UNITED ARAB EMIRATES.",894.0,Dev Kumar Rai,Open,2023-5-28 4-27-22,
2300154,2300154,7/25/2023,22310359.0,Life Pharmacy LLC,79200.0,72000.0,3600.0,75600.0,Mall of Emirates bridge turn left towards Lulu Hypermarket  left side,Mall of Emirates bridge turn left towards Lulu Hypermarket  left side,981.0,Raj Kumar Giri,Open,2023-5-28 4-27-24,
2300155,2300155,7/25/2023,22310436.0,NADA Pharmacy,11480.0,9480.0,474.0,9954.0,Sharjah United Arab Emirates,Sharjah United Arab Emirates,994.0,Michael Cadiang Manza,Open,2023-5-28 4-27-26,
2300156,2300156,7/25/2023,22310439.0,NAS Medical,4200.0,3900.0,195.0,4095.0,Dubai United Arab Emirates,Dubai United Arab Emirates,1008.0,Jalil Khadim Hussain,Open,2023-5-28 4-27-28,
2300157,2300157,7/25/2023,22310580.0,Al Qaser Medical Center,24500.0,18500.0,925.0,19425.0,Next to Millenium Hotel Al Buhairah Sharjah United Arab Emirates,Next to Millenium Hotel Al Buhairah Sharjah United Arab Emirates,1098.0,Joyson Joseph Kalaparambath,Open,2023-5-28 4-27-30,
2300158,2300158,7/14/2023,22310646.0,American Hospital Dubai LLC,64400.0,59680.0,2984.0,62664.0,Oud Metha Road Besides Our Own Model School Bur Dubai Dubai Unite,Oud Metha Road Besides Our Own Model School Bur Dubai Dubai Unite,366.0,Franco Viola Parota,Open,2023-5-28 4-27-32,
2300159,2300159,7/14/2023,22310701.0,Grace Medical Centre,145600.0,136000.0,6800.0,142800.0,26th street Abu Dhabi United Arab Emirates,26th street Abu Dhabi United Arab Emirates,1138.0,Jessie Tolntion Matitu,Open,2023-5-28 4-27-34,
2300160,2300160,7/25/2023,22310747.0,Marjan Beauty Saloon JLT,119000.0,98000.0,4900.0,102900.0,Shop# 6 Saba Tower 1 Jumeirah Lakes Towers Dubai United Arab Emir,Shop# 6 Saba Tower 1 Jumeirah Lakes Towers Dubai United Arab Emir,370.0,Ariel Abapo Naciogoyo,Open,2023-5-28 4-27-36,
2300161,2300161,8/5/2023,22310776.0,Mafraq Hospital,39200.0,35500.0,1775.0,37275.0,P.O. 2951 Abu Dhabi - United Arab Emirates,P.O. 2951 Abu Dhabi - United Arab Emirates,365.0,Allen Joseph Anora,Open,2023-5-28 4-27-38,
2300162,2300162,8/21/2023,22310789.0,Al Sharq Hospital,64400.0,59000.0,2950.0,61950.0,Fujairah United Arab Emirates,Fujairah United Arab Emirates,418.0,Lucero Jackson Riconose,Open,2023-5-28 4-27-40,
2300163,2300163,8/4/2023,22310802.0,Elite Medical Centre,53480.0,43400.0,2170.0,45570.0,Jumeirah 1 Beach Road Dubai United Arab Emirates,Jumeirah 1 Beach Road Dubai United Arab Emirates,366.0,Franco Viola Parota,Open,2023-5-28 4-27-42,
2300164,2300164,8/26/2023,22310807.0,Aesthetica Clinic LLC,15540.0,14880.0,744.0,15624.0,Al Hamrain Center Dubai United Arab Emirates,Al Hamrain Center Dubai United Arab Emirates,365.0,Allen Joseph Anora,Open,2023-5-28 4-27-44,
2300165,2300165,8/26/2023,22310827.0,Al Soor Pharmacy LLC,25200.0,24440.0,1222.0,25662.0,Al Soor Area opposite King Faisal Area Mosque Sharjah United Arab E,Al Soor Area opposite King Faisal Area Mosque Sharjah United Arab E,370.0,Ariel Abapo Naciogoyo,Open,2023-5-28 4-27-46,
2300166,2300166,8/26/2023,22310873.0,Sera Beauty Lounge,13160.0,12060.0,603.0,12663.0,Business Central Tower Media City Dubai United Arab Emriates,Business Central Tower Media City Dubai United Arab Emriates,370.0,Ariel Abapo Naciogoyo,Open,2023-5-28 4-27-48,
2300167,2300167,8/14/2023,22310888.0,Heavenly Spa,63000.0,55000.0,2750.0,57750.0,Dora Bay G Level Opposite Sheraton - JBR Dubai United Arab Emirate,Dora Bay G Level Opposite Sheraton - JBR Dubai United Arab Emirate,415.0,Tampos Antonio Magalona,Open,2023-5-28 4-27-50,
2300168,2300168,8/25/2023,22310916.0,Alexandria Pharmacy,79200.0,72000.0,3600.0,75600.0,Nahda 2 Dubai United Arab Emirates,Nahda 2 Dubai United Arab Emirates,415.0,Tampos Antonio Magalona,Open,2023-5-28 4-27-52,
2300169,2300169,8/25/2023,22311027.0,Visage Pharmacy,119200.0,105500.0,5275.0,110775.0,Corniche Road Abudhabi,Corniche Road Abudhabi,329.0,Sanjay Kumar Mandal,Open,2023-5-28 4-27-54,
2300170,2300170,8/25/2023,22311052.0,Top Medical Group,10500.0,10150.0,508.0,10658.0,Dubai,Dubai,418.0,Lucero Jackson Riconose,Open,2023-5-28 4-27-56,
2300171,2300171,8/25/2023,22311066.0,American European Medical Center,19600.0,17000.0,850.0,17850.0,American European Medical Center-Abudhabi,American European Medical Center-Abudhabi,598.0,Allen Madrid Gomez,Open,2023-5-28 4-27-58,
2300172,2300172,8/25/2023,22311134.0,Al Dar Medical Center,133000.0,108600.0,5430.0,114030.0,FujirahkhorfkanCornish area,FujirahkhorfkanCornish area,709.0,Jinu Ambadan Jose,Open,2023-5-28 4-28-1,
2300173,2300173,8/25/2023,22311163.0,Health Point Hospital LLC,74900.0,65450.0,3273.0,68723.0,Zayed Sports City Airportroad Abudhabi,Zayed Sports City Airportroad Abudhabi,894.0,Dev Kumar Rai,Open,2023-5-28 4-28-3,
2300174,2300174,8/13/2023,22311242.0,ICON CLINIC LLC,79200.0,65800.0,3290.0,69090.0,Dr. Abeer Sawwaf Abudhabi,Dr. Abeer Sawwaf Abudhabi,894.0,Dev Kumar Rai,Open,2023-5-28 4-28-5,
2300175,2300175,8/13/2023,22311663.0,Zulekha Hospital LLC,81900.0,78000.0,3900.0,81900.0,"Al Qusais road,","Al Qusais road,",981.0,Raj Kumar Giri,Open,2023-5-28 4-28-7,
2300176,2300176,8/24/2023,22311664.0,Unicare Clinic,45640.0,40000.0,2000.0,42000.0,23 North Wing BurJuman Centre Sheik Khalifa Bin,23 North Wing BurJuman Centre Sheik Khalifa Bin,994.0,Michael Cadiang Manza,Open,2023-5-28 4-28-9,
2300177,2300177,8/24/2023,22311809.0,Carmen Beauty Salon,9940.0,9600.0,480.0,10080.0,"khalidiya street,","khalidiya street,",994.0,Michael Cadiang Manza,Open,2023-5-28 4-28-11,
2300178,2300178,8/10/2023,22311852.0,Zaki Ladies Salon,9520.0,8130.0,407.0,8537.0,"Dubai Resort Shop 2, Anatara, The Palm","Dubai Resort Shop 2, Anatara, The Palm",1008.0,Jalil Khadim Hussain,Open,2023-5-28 4-28-13,
2300179,2300179,8/10/2023,22311863.0,Beverly Hills Speciality Center LLC,37100.0,33400.0,1670.0,35070.0,"Al walid Khalid Bin Khadim Bldg,","Al walid Khalid Bin Khadim Bldg,",1098.0,Joyson Joseph Kalaparambath,Open,2023-5-28 4-28-15,
2300180,2300180,8/13/2023,22311988.0,Glamour Care Clinics LLC,26600.0,23400.0,1170.0,24570.0,"Villa 813, Jumeirah Beach Road,","Villa 813, Jumeirah Beach Road,",1138.0,Jessie Tolntion Matitu,Open,2023-5-28 4-28-17,
2300181,2300181,8/13/2023,22311998.0,Acacia Medical Center,75740.0,67740.0,3387.0,71127.0,"Villa No 15, Al Karamah Street","Villa No 15, Al Karamah Street",1138.0,Jessie Tolntion Matitu,Open,2023-5-28 4-28-19,
2300182,2300182,8/30/2023,22310029.0,Al Jameya Pharmacy,84455.0,78440.0,3922.0,82362.0,Union Cooperative Society  Ghusais,Microneedling RF and RF Fractional Laser to Al Jameya Pharmacy,365.0,Allen Joseph Anora,Open,2023-5-28 4-28-21,
2300183,2300183,9/8/2023,22310097.0,Sahar Pharmacy,16800.0,16280.0,814.0,17094.0,Qasimia - behind Al Dewan Al Amere Sharjah United Arab Emirates,RF Fractional CO2 Laser Handpiece and Accessories to Sahar Pharmacy,415.0,Tampos Antonio Magalona,Open,2023-5-28 4-28-23,
2300184,2300184,9/1/2023,22310055.0,Al Noor Pharmacy,97300.0,94100.0,4705.0,98805.0,Mina,RF Fractional CO2 Laser and Handpiece to Al Noor Pharmacy,366.0,Franco Viola Parota,Open,2023-5-28 4-28-25,
2300185,2300185,9/1/2023,22310029.0,Al Jameya Pharmacy,75600.0,73845.0,3692.0,77537.0,Union Cooperative Society  Ghusais,Deod Leaserto Al Jameya Pharmacy,370.0,Ariel Abapo Naciogoyo,Open,2023-5-28 4-28-27,
2300186,2300186,9/2/2023,22310093.0,Women's Medical Center (Dr. Ameena),40915.0,37800.0,1890.0,39690.0,1st Floor Office No. 7 Al Mamzar Center Near Al Mulla Plaza Dubai,Microneedling RF and HandPiece to Women's Medical Center (Dr. Ameena),370.0,Ariel Abapo Naciogoyo,Open,2023-5-28 4-28-29,
2300187,2300187,9/20/2023,22310093.0,Women's Medical Center (Dr. Ameena),8120.0,7660.0,383.0,8043.0,1st Floor Office No. 7 Al Mamzar Center Near Al Mulla Plaza Dubai,VTA Radio Hand Pice 4 and 5 Women's Medical Center (Dr. Ameena),417.0,Jaime  Endaya,Open,2023-5-28 4-28-31,
2300188,2300188,9/20/2023,22310097.0,Sahar Pharmacy,60760.0,57030.0,2852.0,59882.0,Qasimia - behind Al Dewan Al Amere Sharjah United Arab Emirates,SVTA Radio and Hand Pice 7 & 8 Sahar Pharmacy,365.0,Allen Joseph Anora,Open,2023-5-28 4-28-33,
2300189,2300189,9/26/2023,22310102.0,Health &amp; Aesthetic Medical Center,28560.0,25080.0,1254.0,26334.0,Buheira Corniche - Sharjah United Arab Emirates,SVTA Radio and Hand Piece to Health &amp; Aesthetic Medical Center,417.0,Jaime  Endaya,Open,2023-5-28 4-28-35,
2300190,2300190,9/26/2023,22310131.0,Ali Bin Ali Medical,23800.0,21500.0,1075.0,22575.0,Doha Qatar,RF Fractional CO2 Laser - Handpiece to Ali Bin Ali Medical,418.0,Lucero Jackson Riconose,Open,2023-5-28 4-28-37,
2300191,2300191,9/16/2023,22310131.0,Ali Bin Ali Medical,77000.0,72300.0,3615.0,75915.0,Doha Qatar,Crio Lipo & DeodLeaser Hand Piece to Ali Bin Ali Medical,329.0,Sanjay Kumar Mandal,Open,2023-5-28 4-28-39,
2300192,2300192,9/2/2023,22310131.0,Ali Bin Ali Medical,42000.0,40710.0,2036.0,42746.0,Doha Qatar,"SVTA Radio and Hand Pice 1, 2, 3 , 4, 5 to Ali Bin Ali Medical",1008.0,Jalil Khadim Hussain,Open,2023-5-28 4-28-41,
2300193,2300193,9/6/2023,22310133.0,Al Samnan Clinic,36400.0,33760.0,1688.0,35448.0,Al Wasit Street Samnan Sharjah United Arab Emirates,Deod Leaser and G5 Slimming Applicators to Al Samnan Clinic,598.0,Allen Madrid Gomez,Open,2023-5-28 4-28-43,
2300194,2300194,9/27/2023,22310133.0,Al Samnan Clinic,42000.0,38520.0,1926.0,40446.0,Al Wasit Street Samnan Sharjah United Arab Emirates,Hydra-new and Jumia to Al Samnan Clinic,366.0,Franco Viola Parota,Open,2023-5-28 4-28-45,
2300195,2300195,9/27/2023,22310182.0,Spaces Spa Center,45640.0,40725.0,2036.0,42761.0,Oasis Center Dubai United Arab Emirates,Microneedling RF & HandPiece to Spaces Spa Center,709.0,Jinu Ambadan Jose,Open,2023-5-28 4-28-47,
2300196,2300196,9/9/2023,22310182.0,Spaces Spa Center,5880.0,5220.0,261.0,5481.0,Oasis Center Dubai United Arab Emirates,SVTA Radio Hand Pice 1 to Spaces Spa Center,370.0,Ariel Abapo Naciogoyo,Open,2023-5-28 4-28-49,
2300197,2300197,9/23/2023,22310200.0,German Clinic FZ LLC,44800.0,40100.0,2005.0,42105.0,Al Razi Bldg.#64 District 1 block A 2nd floor 2008 - DHCC Dubai U,Crio Lipo and DeodLeaser Hand Piece to German Clinic FZ LLC,894.0,Dev Kumar Rai,Open,2023-5-28 4-28-51,
2300198,2300198,9/23/2023,22310200.0,German Clinic FZ LLC,9380.0,7180.0,359.0,7539.0,Al Razi Bldg.#64 District 1 block A 2nd floor 2008 - DHCC Dubai U,SVTA Radio Hand Pice 3 & 4,894.0,Dev Kumar Rai,Open,2023-5-28 4-28-53,
2300199,2300199,9/23/2023,22310207.0,Delta Pharmacy,79200.0,72000.0,3600.0,75600.0,Sharjah United Arab Emirates,VCA Laser & VCA Leaser Hand Piece to Delta Pharmacy,981.0,Raj Kumar Giri,Open,2023-5-28 4-28-55,
2300200,2300200,9/23/2023,22310210.0,Al Burg Clinic,9100.0,7100.0,355.0,7455.0,Entrance 3  1st Floor Al Mazaya Center Dubai United Arab Emirates,SVTA Radio Hand Pice 5 & 6 to Al Burg Clinic,994.0,Michael Cadiang Manza,Open,2023-5-28 4-28-57,
2300201,2300201,9/23/2023,22310252.0,Faith Pharmacy,6300.0,6000.0,300.0,6300.0,Naif Road Near Al Futtaim Mosque Deira Dubai United Arab Emirates,DeodLeaser Hand Piece to Faith Pharmacy,1008.0,Jalil Khadim Hussain,Open,2023-5-28 4-28-59,
2300202,2300202,9/23/2023,22310269.0,Flora Beauty Spa,24500.0,18500.0,925.0,19425.0,Umm Ramool Rashidiya Dubai United Arab Emirates,Caviation Laser to Flora Beauty Spa,1098.0,Joyson Joseph Kalaparambath,Open,2023-5-28 4-29-2,
2300203,2300203,9/12/2023,22310269.0,Flora Beauty Spa,64400.0,59680.0,2984.0,62664.0,Umm Ramool Rashidiya Dubai United Arab Emirates,SVTA Radio & VCA Laser to Flora Beauty Spa,366.0,Franco Viola Parota,Open,2023-5-28 4-29-4,
2300204,2300204,9/12/2023,22310280.0,Gulf Beauty Salon - Abu Dhabi,148400.0,138800.0,6940.0,145740.0,Near Salam Furniture Old Airport Road Abu Dhabi United Arab Emirat,G5 Slimming & Hiemt A to Gulf Beauty Salon - Abu Dhabi,1138.0,Jessie Tolntion Matitu,Open,2023-5-28 4-29-6,
2300205,2300205,9/23/2023,22310439.0,NAS Medical,128800.0,107800.0,5390.0,113190.0,Dubai United Arab Emirates,Hydra Fresh,370.0,Ariel Abapo Naciogoyo,Open,2023-5-28 4-29-8,
2300206,2300206,10/4/2023,22310029.0,Al Jameya Pharmacy,39200.0,35500.0,1775.0,37275.0,Union Cooperative Society  Ghusais,DeodLeaser & DeodLeaser Hand Piece to Al Jameya Pharmacy,365.0,Allen Joseph Anora,Open,2023-5-28 4-29-10,
2300207,2300207,10/20/2023,22310029.0,Al Jameya Pharmacy,64400.0,59000.0,2950.0,61950.0,Union Cooperative Society  Ghusais,Jumia and Konmision to Al Jameya Pharmacy,418.0,Lucero Jackson Riconose,Open,2023-5-28 4-29-12,
2300208,2300208,10/3/2023,22310055.0,Al Noor Pharmacy,106960.0,96880.0,4844.0,101724.0,Mina,Portable Diode Laser Hair Removal Equipment to Al Noor Pharmacy,366.0,Franco Viola Parota,Open,2023-5-28 4-29-14,
2300209,2300209,10/25/2023,22310055.0,Al Noor Pharmacy,13020.0,12360.0,618.0,12978.0,Mina,SVTA Radio Hand Pice 1 to Al Noor Pharmacy,365.0,Allen Joseph Anora,Open,2023-5-28 4-29-16,
2300210,2300210,10/25/2023,22310093.0,Women's Medical Center (Dr. Ameena),21840.0,21080.0,1054.0,22134.0,1st Floor Office No. 7 Al Mamzar Center Near Al Mulla Plaza Dubai,SPA Slim & SVTA Radio Hand Pice 1 to Women's Medical Center (Dr. Ameena),370.0,Ariel Abapo Naciogoyo,Open,2023-5-28 4-29-18,
2300211,2300211,10/25/2023,22310093.0,Women's Medical Center (Dr. Ameena),11480.0,10380.0,519.0,10899.0,1st Floor Office No. 7 Al Mamzar Center Near Al Mulla Plaza Dubai,SVTA Radio Hand Pice 3 & 4 to Women's Medical Center (Dr. Ameena),370.0,Ariel Abapo Naciogoyo,Open,2023-5-28 4-29-20,
2300212,2300212,10/13/2023,22310097.0,Sahar Pharmacy,72800.0,64800.0,3240.0,68040.0,Qasimia - behind Al Dewan Al Amere Sharjah United Arab Emirates,Mickcara & My Ultrasonic to Sahar Pharmacy,415.0,Tampos Antonio Magalona,Open,2023-5-28 4-29-22,
2300213,2300213,10/24/2023,22310097.0,Sahar Pharmacy,79200.0,72000.0,3600.0,75600.0,Qasimia - behind Al Dewan Al Amere Sharjah United Arab Emirates,VCA Laser & VCA Leaser Hand Piece to Sahar Pharmacy,415.0,Tampos Antonio Magalona,Open,2023-5-28 4-29-24,
2300214,2300214,10/24/2023,22310102.0,Health &amp; Aesthetic Medical Center,119200.0,105500.0,5275.0,110775.0,Buheira Corniche - Sharjah United Arab Emirates,VCA Laser & VCA Leaser Hand Piece to Health &amp; Aesthetic Medical Center,329.0,Sanjay Kumar Mandal,Open,2023-5-28 4-29-26,
2300215,2300215,10/24/2023,22310131.0,Ali Bin Ali Medical,6300.0,5950.0,298.0,6248.0,Doha Qatar,DeodLeaser Hand Piece to Ali Bin Ali Medical,418.0,Lucero Jackson Riconose,Open,2023-5-28 4-29-28,
2300216,2300216,10/24/2023,22310133.0,Al Samnan Clinic,9800.0,7200.0,360.0,7560.0,Al Wasit Street Samnan Sharjah United Arab Emirates,My Ultrasonic to Al Samnan Clinic,598.0,Allen Madrid Gomez,Open,2023-5-28 4-29-30,
2300217,2300217,10/24/2023,22310182.0,Spaces Spa Center,158200.0,133800.0,6690.0,140490.0,Oasis Center Dubai United Arab Emirates,Hydra Fresh & Hydra-new & Jumia to Spaces Spa Center,709.0,Jinu Ambadan Jose,Open,2023-5-28 4-29-32,
2300218,2300218,10/24/2023,22310200.0,German Clinic FZ LLC,93800.0,84350.0,4218.0,88568.0,Al Razi Bldg.#64 District 1 block A 2nd floor 2008 - DHCC Dubai U,Caviation Laser & Crio Lipo to German Clinic FZ LLC,894.0,Dev Kumar Rai,Open,2023-5-28 4-29-34,
2300219,2300219,10/12/2023,22310200.0,German Clinic FZ LLC,79200.0,65800.0,3290.0,69090.0,Al Razi Bldg.#64 District 1 block A 2nd floor 2008 - DHCC Dubai U,VCA Laser to VCA Leaser Hand Piece to German Clinic FZ LLC,894.0,Dev Kumar Rai,Open,2023-5-28 4-29-36,
2300220,2300220,10/12/2023,22310207.0,Delta Pharmacy,81900.0,78000.0,3900.0,81900.0,Sharjah United Arab Emirates,RF Fractional CO2 Laser to Delta Pharmacy,981.0,Raj Kumar Giri,Open,2023-5-28 4-29-38,
2300221,2300221,10/23/2023,22310210.0,Al Burg Clinic,72380.0,66740.0,3337.0,70077.0,Entrance 3  1st Floor Al Mazaya Center Dubai United Arab Emirates,Microneedling RF & Microneedling RF - HandPiece to Al Burg Clinic,994.0,Michael Cadiang Manza,Open,2023-5-28 4-29-40,
2300222,2300222,10/23/2023,22310210.0,Al Burg Clinic,9940.0,9600.0,480.0,10080.0,Entrance 3  1st Floor Al Mazaya Center Dubai United Arab Emirates,SVTA Radio Hand Pice 4 & 5,994.0,Michael Cadiang Manza,Open,2023-5-28 4-29-42,
2300223,2300223,10/9/2023,22310252.0,Faith Pharmacy,5320.0,3930.0,197.0,4127.0,Naif Road Near Al Futtaim Mosque Deira Dubai United Arab Emirates,SVTA Radio Hand Pice 7 & 8 to Faith Pharmacy,1008.0,Jalil Khadim Hussain,Open,2023-5-28 4-29-44,
2300224,2300224,10/9/2023,22310269.0,Flora Beauty Spa,19600.0,15900.0,795.0,16695.0,Umm Ramool Rashidiya Dubai United Arab Emirates,DeodLeaser & DeodLeaser Hand Piece to Flora Beauty Spa,1098.0,Joyson Joseph Kalaparambath,Open,2023-5-28 4-29-46,
2300225,2300225,10/12/2023,22310280.0,Gulf Beauty Salon - Abu Dhabi,28000.0,24800.0,1240.0,26040.0,Near Salam Furniture Old Airport Road Abu Dhabi United Arab Emirat,My Ultrasonic & SPA Slim to Gulf Beauty Salon - Abu Dhabi,1138.0,Jessie Tolntion Matitu,Open,2023-5-28 4-29-48,
2300226,2300226,10/12/2023,22310280.0,Gulf Beauty Salon - Abu Dhabi,69720.0,61720.0,3086.0,64806.0,Near Salam Furniture Old Airport Road Abu Dhabi United Arab Emirat,SVTA Radio and hand piece to  Gulf Beauty Salon - Abu Dhabi,1138.0,Jessie Tolntion Matitu,Open,2023-5-28 4-29-50,
2300227,2300227,10/29/2023,22310029.0,Al Jameya Pharmacy,66990.0,60975.0,3049.0,64024.0,Union Cooperative Society  Ghusais,Union Cooperative Society  Ghusais,365.0,Allen Joseph Anora,Open,2023-5-28 4-29-52,
2300228,2300228,11/7/2023,22310055.0,Al Noor Pharmacy,14700.0,14180.0,709.0,14889.0,Mina,Mina,415.0,Tampos Antonio Magalona,Open,2023-5-28 4-29-54,
2300229,2300229,10/31/2023,22310093.0,Women's Medical Center (Dr. Ameena),105000.0,101800.0,5090.0,106890.0,1st Floor Office No. 7 Al Mamzar Center Near Al Mulla Plaza Dubai,1st Floor Office No. 7 Al Mamzar Center Near Al Mulla Plaza Dubai,366.0,Franco Viola Parota,Open,2023-5-28 4-29-56,
2300230,2300230,10/31/2023,22310097.0,Sahar Pharmacy,65800.0,64045.0,3202.0,67247.0,Qasimia - behind Al Dewan Al Amere Sharjah United Arab Emirates,Qasimia - behind Al Dewan Al Amere Sharjah United Arab Emirates,370.0,Ariel Abapo Naciogoyo,Open,2023-5-28 4-29-58,
2300231,2300231,11/1/2023,22310102.0,Health & Aesthetic Medical Center,45640.0,42525.0,2126.0,44651.0,Buheira Corniche - Sharjah United Arab Emirates,Buheira Corniche - Sharjah United Arab Emirates,370.0,Ariel Abapo Naciogoyo,Open,2023-5-28 4-30-2,
2300232,2300232,11/19/2023,22310131.0,Ali Bin Ali Medical,18060.0,17600.0,880.0,18480.0,Doha Qatar,Doha Qatar,417.0,Jaime  Endaya,Open,2023-5-28 4-30-4,
2300233,2300233,11/19/2023,22310133.0,Al Samnan Clinic,35840.0,32110.0,1606.0,33716.0,Al Wasit Street Samnan Sharjah United Arab Emirates,Al Wasit Street Samnan Sharjah United Arab Emirates,365.0,Allen Joseph Anora,Open,2023-5-28 4-30-6,
2300234,2300234,11/25/2023,22310182.0,Spaces Spa Center,33600.0,30120.0,1506.0,31626.0,Oasis Center Dubai United Arab Emirates,Oasis Center Dubai United Arab Emirates,417.0,Jaime  Endaya,Open,2023-5-28 4-30-8,
2300235,2300235,11/25/2023,22310200.0,German Clinic FZ LLC,17500.0,15200.0,760.0,15960.0,Al Razi Bldg.#64 District 1 block A 2nd floor 2008 - DHCC Dubai U,Al Razi Bldg.#64 District 1 block A 2nd floor 2008 - DHCC Dubai U,418.0,Lucero Jackson Riconose,Open,2023-5-28 4-30-10,
2300236,2300236,11/15/2023,22310207.0,Delta Pharmacy,46900.0,42200.0,2110.0,44310.0,Sharjah United Arab Emirates,Sharjah United Arab Emirates,329.0,Sanjay Kumar Mandal,Open,2023-5-28 4-30-12,
2300237,2300237,11/1/2023,22310210.0,Al Burg Clinic,44240.0,42950.0,2148.0,45098.0,Entrance 3  1st Floor Al Mazaya Center Dubai United Arab Emirates,Entrance 3  1st Floor Al Mazaya Center Dubai United Arab Emirates,1008.0,Jalil Khadim Hussain,Open,2023-5-28 4-30-14,
2300238,2300238,11/5/2023,22310252.0,Faith Pharmacy,23800.0,21160.0,1058.0,22218.0,Naif Road Near Al Futtaim Mosque Deira Dubai United Arab Emirates,Naif Road Near Al Futtaim Mosque Deira Dubai United Arab Emirates,598.0,Allen Madrid Gomez,Open,2023-5-28 4-30-16,
2300239,2300239,11/26/2023,22310269.0,Flora Beauty Spa,42000.0,38520.0,1926.0,40446.0,Umm Ramool Rashidiya Dubai United Arab Emirates,Umm Ramool Rashidiya Dubai United Arab Emirates,366.0,Franco Viola Parota,Open,2023-5-28 4-30-18,
2300240,2300240,11/26/2023,22310280.0,Gulf Beauty Salon - Abu Dhabi,40915.0,36000.0,1800.0,37800.0,Near Salam Furniture Old Airport Road Abu Dhabi United Arab Emirat,Near Salam Furniture Old Airport Road Abu Dhabi United Arab Emirat,709.0,Jinu Ambadan Jose,Open,2023-5-28 4-30-20,
2300241,2300241,11/8/2023,22310286.0,Hamad Pharmacy,13440.0,12780.0,639.0,13419.0,Al Wasit Street Al Shaba Sharjah United Arab Emirates,Al Wasit Street Al Shaba Sharjah United Arab Emirates,370.0,Ariel Abapo Naciogoyo,Open,2023-5-28 4-30-22,
2300242,2300242,11/22/2023,22310298.0,HANI Pharmacy Abu Dhabi,42700.0,38000.0,1900.0,39900.0,Hamdah Street Near Standard Chartered Bank Abu Dhabi,Hamdah Street Near Standard Chartered Bank Abu Dhabi,894.0,Dev Kumar Rai,Open,2023-5-28 4-30-24,
2300243,2300243,11/22/2023,22310341.0,Kaya Trading,9380.0,7180.0,359.0,7539.0,"LEASED OFFICE BLDG 13 OFFICE, HAMRIYAH FREE ZONE-SHARJAH, UNITED ARAB EMIRATES.","LEASED OFFICE BLDG 13 OFFICE, HAMRIYAH FREE ZONE-SHARJAH, UNITED ARAB EMIRATES.",894.0,Dev Kumar Rai,Open,2023-5-28 4-30-26,
2300244,2300244,11/22/2023,22310359.0,Life Pharmacy LLC,79200.0,72000.0,3600.0,75600.0,Mall of Emirates bridge turn left towards Lulu Hypermarket  left side,Mall of Emirates bridge turn left towards Lulu Hypermarket  left side,981.0,Raj Kumar Giri,Open,2023-5-28 4-30-28,
2300245,2300245,11/22/2023,22310436.0,NADA Pharmacy,13720.0,11720.0,586.0,12306.0,Sharjah United Arab Emirates,Sharjah United Arab Emirates,994.0,Michael Cadiang Manza,Open,2023-5-28 4-30-30,
2300246,2300246,11/22/2023,22310439.0,NAS Medical,4200.0,3900.0,195.0,4095.0,Dubai United Arab Emirates,Dubai United Arab Emirates,1008.0,Jalil Khadim Hussain,Open,2023-5-28 4-30-32,
2300247,2300247,11/22/2023,22310580.0,Al Qaser Medical Center,24500.0,18500.0,925.0,19425.0,Next to Millenium Hotel Al Buhairah Sharjah United Arab Emirates,Next to Millenium Hotel Al Buhairah Sharjah United Arab Emirates,1098.0,Joyson Joseph Kalaparambath,Open,2023-5-28 4-30-34,
2300248,2300248,11/11/2023,22310646.0,American Hospital Dubai LLC,103600.0,98880.0,4944.0,103824.0,Oud Metha Road Besides Our Own Model School Bur Dubai Dubai Unite,Oud Metha Road Besides Our Own Model School Bur Dubai Dubai Unite,366.0,Franco Viola Parota,Open,2023-5-28 4-30-36,
2300249,2300249,11/11/2023,22310701.0,Grace Medical Centre,145600.0,136000.0,6800.0,142800.0,26th street Abu Dhabi United Arab Emirates,26th street Abu Dhabi United Arab Emirates,1138.0,Jessie Tolntion Matitu,Open,2023-5-28 4-30-38,
2300250,2300250,11/22/2023,22310747.0,Marjan Beauty Saloon JLT,119000.0,98000.0,4900.0,102900.0,Shop# 6 Saba Tower 1 Jumeirah Lakes Towers Dubai United Arab Emir,Shop# 6 Saba Tower 1 Jumeirah Lakes Towers Dubai United Arab Emir,370.0,Ariel Abapo Naciogoyo,Open,2023-5-28 4-30-40,
2300251,2300251,12/3/2023,22310776.0,Mafraq Hospital,39200.0,35500.0,1775.0,37275.0,P.O. 2951 Abu Dhabi - United Arab Emirates,P.O. 2951 Abu Dhabi - United Arab Emirates,365.0,Allen Joseph Anora,Open,2023-5-28 4-30-42,
2300252,2300252,12/19/2023,22310789.0,Al Sharq Hospital,64400.0,59000.0,2950.0,61950.0,Fujairah United Arab Emirates,Fujairah United Arab Emirates,418.0,Lucero Jackson Riconose,Open,2023-5-28 4-30-44,
2300253,2300253,12/2/2023,22310802.0,Elite Medical Centre,66080.0,56000.0,2800.0,58800.0,Jumeirah 1 Beach Road Dubai United Arab Emirates,Jumeirah 1 Beach Road Dubai United Arab Emirates,366.0,Franco Viola Parota,Open,2023-5-28 4-30-46,
2300254,2300254,12/24/2023,22310807.0,Aesthetica Clinic LLC,18900.0,18240.0,912.0,19152.0,Al Hamrain Center Dubai United Arab Emirates,Al Hamrain Center Dubai United Arab Emirates,365.0,Allen Joseph Anora,Open,2023-5-28 4-30-48,
2300255,2300255,12/24/2023,22310827.0,Al Soor Pharmacy LLC,23520.0,22760.0,1138.0,23898.0,Al Soor Area opposite King Faisal Area Mosque Sharjah United Arab E,Al Soor Area opposite King Faisal Area Mosque Sharjah United Arab E,370.0,Ariel Abapo Naciogoyo,Open,2023-5-28 4-30-50,
2300256,2300256,12/24/2023,22310873.0,Sera Beauty Lounge,14980.0,13880.0,694.0,14574.0,Business Central Tower Media City Dubai United Arab Emriates,Business Central Tower Media City Dubai United Arab Emriates,370.0,Ariel Abapo Naciogoyo,Open,2023-5-28 4-30-52,
2300257,2300257,12/12/2023,22310888.0,Heavenly Spa,63000.0,55000.0,2750.0,57750.0,Dora Bay G Level Opposite Sheraton - JBR Dubai United Arab Emirate,Dora Bay G Level Opposite Sheraton - JBR Dubai United Arab Emirate,415.0,Tampos Antonio Magalona,Open,2023-5-28 4-30-54,
2300258,2300258,12/23/2023,22310916.0,Alexandria Pharmacy,79200.0,72000.0,3600.0,75600.0,Nahda 2 Dubai United Arab Emirates,Nahda 2 Dubai United Arab Emirates,415.0,Tampos Antonio Magalona,Open,2023-5-28 4-30-56,
2300259,2300259,12/23/2023,22311027.0,Visage Pharmacy,119200.0,105500.0,5275.0,110775.0,Corniche Road Abudhabi,Corniche Road Abudhabi,329.0,Sanjay Kumar Mandal,Open,2023-5-28 4-30-58,
2300260,2300260,12/23/2023,22311052.0,Top Medical Group,10500.0,10150.0,508.0,10658.0,Dubai,Dubai,418.0,Lucero Jackson Riconose,Open,2023-5-28 4-31-1,
2300261,2300261,12/23/2023,22311066.0,American European Medical Center,19600.0,17000.0,850.0,17850.0,American European Medical Center-Abudhabi,American European Medical Center-Abudhabi,598.0,Allen Madrid Gomez,Open,2023-5-28 4-31-3,
2300262,2300262,12/23/2023,22311134.0,Al Dar Medical Center,190400.0,166000.0,8300.0,174300.0,FujirahkhorfkanCornish area,FujirahkhorfkanCornish area,709.0,Jinu Ambadan Jose,Open,2023-5-28 4-31-5,
2300263,2300263,12/23/2023,22311163.0,Health Point Hospital LLC,69300.0,59850.0,2993.0,62843.0,Zayed Sports City Airportroad Abudhabi,Zayed Sports City Airportroad Abudhabi,894.0,Dev Kumar Rai,Open,2023-5-28 4-31-7,
2300264,2300264,12/11/2023,22311242.0,ICON CLINIC LLC,118400.0,105000.0,5250.0,110250.0,Dr. Abeer Sawwaf Abudhabi,Dr. Abeer Sawwaf Abudhabi,894.0,Dev Kumar Rai,Open,2023-5-28 4-31-9,
2300265,2300265,12/11/2023,22311663.0,Zulekha Hospital LLC,81900.0,78000.0,3900.0,81900.0,"Al Qusais road,","Al Qusais road,",981.0,Raj Kumar Giri,Open,2023-5-28 4-31-11,
2300266,2300266,12/22/2023,22311664.0,Unicare Clinic,40915.0,35275.0,1764.0,37039.0,23 North Wing BurJuman Centre Sheik Khalifa Bin,23 North Wing BurJuman Centre Sheik Khalifa Bin,994.0,Michael Cadiang Manza,Open,2023-5-28 4-31-13,
2300267,2300267,12/22/2023,22311809.0,Carmen Beauty Salon,11340.0,11000.0,550.0,11550.0,"khalidiya street,","khalidiya street,",994.0,Michael Cadiang Manza,Open,2023-5-28 4-31-15,
2300268,2300268,12/8/2023,22311852.0,Zaki Ladies Salon,13160.0,11770.0,589.0,12359.0,"Dubai Resort Shop 2, Anatara, The Palm","Dubai Resort Shop 2, Anatara, The Palm",1008.0,Jalil Khadim Hussain,Open,2023-5-28 4-31-17,
2300269,2300269,12/8/2023,22311863.0,Beverly Hills Speciality Center LLC,21700.0,18000.0,900.0,18900.0,"Al walid Khalid Bin Khadim Bldg,","Al walid Khalid Bin Khadim Bldg,",1098.0,Joyson Joseph Kalaparambath,Open,2023-5-28 4-31-19,
2300270,2300270,12/11/2023,22311988.0,Glamour Care Clinics LLC,36400.0,33200.0,1660.0,34860.0,"Villa 813, Jumeirah Beach Road,","Villa 813, Jumeirah Beach Road,",1138.0,Jessie Tolntion Matitu,Open,2023-5-28 4-31-21,
2300271,2300271,2023-06-08,22310029.0,Al Jameya Pharmacy,290570.0,258563.0,9028.0,267591.0,Union Cooperative Society  Ghusais,"Microneedling RF, Diode Laser Hair Removal Device to  Al Jameya Pharmacy ",329.0,Sanjay Kumar Kumar,Open,2023-6-8 16-36-15,Edited
2300272,2300272,2023-06-13,22310029,Al Jameya Pharmacy,134225,122817,6141,128958,Union Cooperative Society  Ghusais,asdfghj,345,Pune Pratap Pratap,Open,2023-6-14 3-11-32,
